[{"model": "auth.user", "pk": 1, "fields": {"password": "pbkdf2_sha256$120000$sQ9nNl4EHAss$KYKtgBdHItvH6zj/4jlUOyIVcVED39sb+p4vG9VjYtQ=", "last_login": "2018-12-17T10:26:11.097Z", "is_superuser": true, "username": "app_root", "first_name": "", "last_name": "", "email": "", "is_staff": true, "is_active": true, "date_joined": "2018-12-11T09:50:46.380Z", "groups": [], "user_permissions": []}}, {"model": "auth.user", "pk": 2, "fields": {"password": "pbkdf2_sha256$120000$WKKUcb5vVWW1$EkCRe22t1ytNSoo170vrgyN+vP4bob10YsTcMZz4cSc=", "last_login": null, "is_superuser": false, "username": "teacher_1", "first_name": "", "last_name": "", "email": "", "is_staff": false, "is_active": true, "date_joined": "2018-12-11T17:49:14.576Z", "groups": [], "user_permissions": []}}, {"model": "auth.user", "pk": 3, "fields": {"password": "pbkdf2_sha256$120000$f5MyrdNA03PD$1PbGfNqHzbtPXmgDtS8B/OynHiQHYTgC0+ZE5uKtXF0=", "last_login": null, "is_superuser": false, "username": "teacher_2", "first_name": "", "last_name": "", "email": "", "is_staff": false, "is_active": true, "date_joined": "2018-12-11T17:58:23.179Z", "groups": [], "user_permissions": []}}, {"model": "auth.user", "pk": 4, "fields": {"password": "pbkdf2_sha256$120000$8E3dkCZBTtVk$tENPLfkwo+Wudz5DeN1voNEDnQ+T9a9ov7B52cm94bc=", "last_login": null, "is_superuser": false, "username": "teacher_3", "first_name": "", "last_name": "", "email": "", "is_staff": false, "is_active": true, "date_joined": "2018-12-11T18:14:20.223Z", "groups": [], "user_permissions": []}}, {"model": "auth.user", "pk": 5, "fields": {"password": "pbkdf2_sha256$120000$CFN4wjTGvtE4$UupVXDaKZGU6p7z9jN6+xWRmI3vfMxcPkUwzYDWBeW8=", "last_login": null, "is_superuser": false, "username": "parent_1", "first_name": "", "last_name": "", "email": "", "is_staff": false, "is_active": true, "date_joined": "2018-12-11T18:21:54.387Z", "groups": [], "user_permissions": []}}, {"model": "auth.user", "pk": 6, "fields": {"password": "pbkdf2_sha256$120000$i7HbIUpjbFDJ$9t7Z4uAyU1RkzpEU9ExyMiE+wWLDE3o7wMuCmtbs3cU=", "last_login": null, "is_superuser": false, "username": "parent_2", "first_name": "", "last_name": "", "email": "", "is_staff": false, "is_active": true, "date_joined": "2018-12-11T18:22:08.588Z", "groups": [], "user_permissions": []}}, {"model": "auth.user", "pk": 7, "fields": {"password": "pbkdf2_sha256$120000$foqZuzq7hzjE$2reY5eqKq0mSlG2mSWGpXw/9m44DlRfqUUp4LX62efQ=", "last_login": null, "is_superuser": false, "username": "parent_3", "first_name": "", "last_name": "", "email": "", "is_staff": false, "is_active": true, "date_joined": "2018-12-11T18:22:30.356Z", "groups": [], "user_permissions": []}}, {"model": "sessions.session", "pk": "eyudbr9ar6dm0ntn3jmspzejrsw3f6fs", "fields": {"session_data": "NDdiMDFmZjA5Y2M0YWZlOGRhOTZlYTAzNjY1ODhjM2VkMmIyNjIyNDp7Il9hdXRoX3VzZXJfaWQiOiIxIiwiX2F1dGhfdXNlcl9iYWNrZW5kIjoiZGphbmdvLmNvbnRyaWIuYXV0aC5iYWNrZW5kcy5Nb2RlbEJhY2tlbmQiLCJfYXV0aF91c2VyX2hhc2giOiI5MzI1MjRkNmUzOGJlMWI1YTljM2YwYjlhNWVhYWM3NWMzYmZlMWEzIn0=", "expire_date": "2018-12-25T09:51:00.500Z"}}, {"model": "sessions.session", "pk": "jq1e2pjh0edyij26bm4pi8ag4dun1950", "fields": {"session_data": "NDdiMDFmZjA5Y2M0YWZlOGRhOTZlYTAzNjY1ODhjM2VkMmIyNjIyNDp7Il9hdXRoX3VzZXJfaWQiOiIxIiwiX2F1dGhfdXNlcl9iYWNrZW5kIjoiZGphbmdvLmNvbnRyaWIuYXV0aC5iYWNrZW5kcy5Nb2RlbEJhY2tlbmQiLCJfYXV0aF91c2VyX2hhc2giOiI5MzI1MjRkNmUzOGJlMWI1YTljM2YwYjlhNWVhYWM3NWMzYmZlMWEzIn0=", "expire_date": "2018-12-31T10:26:11.198Z"}}, {"model": "api.classtable", "pk": 1, "fields": {"class_name": "1B", "class_teacher": 1, "image": "classtables/none/timetable.png"}}, {"model": "api.classtable", "pk": 3, "fields": {"class_name": "1A", "class_teacher": 2, "image": "classtables/none/timetable.png"}}, {"model": "api.classtable", "pk": 4, "fields": {"class_name": "2A", "class_teacher": 3, "image": "classtables/none/timetable.png"}}, {"model": "api.student", "pk": 1, "fields": {"enrollment_no": "0", "roll_no": "1", "first_name": "Ruchi", "middle_name": null, "surname": "Kumari", "class_id": 1, "dob": "2018-03-07", "gender": "M", "blood_group": "B-ve", "height": null, "weight": null, "address_line_1": "", "address_line_2": "", "city": null, "district": null, "state": null, "country": null, "pin_code": null, "image": "students/no-img_enuZGKD.jfif"}}, {"model": "api.student", "pk": 2, "fields": {"enrollment_no": "0", "roll_no": "2", "first_name": "Nitish", "middle_name": "Kumar", "surname": "Yadav", "class_id": 3, "dob": "2018-12-10", "gender": "M", "blood_group": "B+ve", "height": null, "weight": null, "address_line_1": "B102 Saldhana Marigold", "address_line_2": "Near Amar Hsg Society", "city": "Vasco", "district": "South Goa", "state": "Goa", "country": "India", "pin_code": 403501, "image": "students/800px_COLOURBOX23904753.jpg"}}, {"model": "api.student", "pk": 3, "fields": {"enrollment_no": "0", "roll_no": "3", "first_name": "Rishikesh", "middle_name": null, "surname": "Arolkar", "class_id": 4, "dob": "2018-12-11", "gender": "M", "blood_group": "O-ve", "height": null, "weight": null, "address_line_1": "B102 Kamat Towers", "address_line_2": "Near Patto Plaza", "city": "Panjim", "district": "North Goa", "state": "Goa", "country": "India", "pin_code": 403501, "image": "students/none/no-img.jfif"}}, {"model": "api.parent", "pk": 1, "fields": {"user_id": 5, "first_name": "A", "middle_name": "B", "surname": "C", "residential_address": "QWERTY", "primary_contact": "8605435425", "secondary_contact": "9423885069", "occupation": null, "office_address": "PPOUYTWHSKKSDJJJKSD", "office_no": "2415438", "email_id": "sidgawas97@gmail.com"}}, {"model": "api.parent", "pk": 2, "fields": {"user_id": 6, "first_name": "ABC", "middle_name": "YUG", "surname": "YZH", "residential_address": "KJAJSDJJDJQWIOEWOKIOKSJDLSD ADJASDKLDJKLSA LKAJSDAS JKJADKL LJKJKALDS", "primary_contact": "8605435427", "secondary_contact": null, "occupation": null, "office_address": "", "office_no": null, "email_id": "abc@mailinator.com"}}, {"model": "api.parent", "pk": 3, "fields": {"user_id": 7, "first_name": "JKW", "middle_name": "POP", "surname": "KKS", "residential_address": "SJHDJHJHJHHJJSDJKJSD", "primary_contact": "8605435428", "secondary_contact": "8605435425", "occupation": null, "office_address": "KJKSJDKLKDLJKALDKDA KKSJDJLKSDK KLJKLADJ KLJASKDLJDJ KJKAJKDLJ LASDKL JKLKL SDJKL", "office_no": "2415438", "email_id": "xyz@mailinator.com"}}, {"model": "api.parentchild", "pk": 6, "fields": {"parent": 1, "child": 1, "relation": "M"}}, {"model": "api.parentchild", "pk": 7, "fields": {"parent": 1, "child": 2, "relation": "M"}}, {"model": "api.parentchild", "pk": 8, "fields": {"parent": 2, "child": 3, "relation": "M"}}, {"model": "api.parentchild", "pk": 9, "fields": {"parent": 3, "child": 3, "relation": "F"}}, {"model": "api.teacher", "pk": 1, "fields": {"user_id": 2, "first_name": "Siddharth", "middle_name": null, "surname": "Gawas", "contact_no": "8605435425", "email_id": "sidgawas97@gmail.com", "image": "teachers/none/teacher.jpg"}}, {"model": "api.teacher", "pk": 2, "fields": {"user_id": 3, "first_name": "Nehal", "middle_name": "Vinay", "surname": "Bhandari", "contact_no": "9423885069", "email_id": "nehalvbhandari@gmail.com", "image": "teachers/none/teacher.jpg"}}, {"model": "api.teacher", "pk": 3, "fields": {"user_id": 4, "first_name": "Ethan", "middle_name": "M", "surname": "Alberto", "contact_no": "8605435425", "email_id": "ethanalberto96@gmail.com", "image": "teachers/none/teacher.jpg"}}, {"model": "api.subject", "pk": 1, "fields": {"subject_name": "EVS"}}, {"model": "api.subject", "pk": 2, "fields": {"subject_name": "GYM"}}, {"model": "api.subject", "pk": 3, "fields": {"subject_name": "English"}}, {"model": "api.subject", "pk": 4, "fields": {"subject_name": "Konkani"}}, {"model": "api.subject", "pk": 5, "fields": {"subject_name": "Mathematics"}}, {"model": "api.subject", "pk": 6, "fields": {"subject_name": "Playtime"}}, {"model": "api.subject", "pk": 7, "fields": {"subject_name": "Music"}}, {"model": "api.teacherclass", "pk": 1, "fields": {"teacher": 1, "class_id": 1, "subject": 1}}, {"model": "api.teacherclass", "pk": 2, "fields": {"teacher": 1, "class_id": 3, "subject": 2}}, {"model": "api.teacherclass", "pk": 3, "fields": {"teacher": 1, "class_id": 4, "subject": 4}}, {"model": "api.teacherclass", "pk": 4, "fields": {"teacher": 2, "class_id": 1, "subject": 6}}, {"model": "api.teacherclass", "pk": 5, "fields": {"teacher": 2, "class_id": 3, "subject": 4}}, {"model": "api.teacherclass", "pk": 6, "fields": {"teacher": 2, "class_id": 4, "subject": 1}}, {"model": "api.teacherclass", "pk": 7, "fields": {"teacher": 3, "class_id": 1, "subject": 7}}, {"model": "api.teacherclass", "pk": 8, "fields": {"teacher": 3, "class_id": 4, "subject": 6}}, {"model": "api.assignment", "pk": 2, "fields": {"title": "Evs", "description": "plant some trees", "teacher_class": 1, "image": "assignments/none/assignment.jpg", "date": "2018-12-17T10:47:46.574Z", "deadline": "2018-12-28T17:00:00Z"}}, {"model": "api.assignment", "pk": 3, "fields": {"title": "Gym", "description": "do some exercise", "teacher_class": 2, "image": "assignments/none/assignment.jpg", "date": "2018-12-17T10:48:16.079Z", "deadline": "2018-12-17T18:00:00Z"}}, {"model": "api.assignment", "pk": 4, "fields": {"title": "Konkani", "description": "learn Konkani", "teacher_class": 3, "image": "assignments/none/assignment.jpg", "date": "2018-12-17T10:49:53.357Z", "deadline": "2018-12-21T18:00:00Z"}}, {"model": "api.assignment", "pk": 5, "fields": {"title": "music", "description": "learn a new song", "teacher_class": 7, "image": "assignments/none/assignment.jpg", "date": "2018-12-17T10:50:37.412Z", "deadline": "2018-12-18T12:00:00Z"}}, {"model": "api.assignment", "pk": 6, "fields": {"title": "Playtime-funtime", "description": "alalalala abababa", "teacher_class": 4, "image": "assignments/none/assignment.jpg", "date": "2018-12-17T11:34:37.500Z", "deadline": "2018-12-20T18:00:00Z"}}, {"model": "api.assignment", "pk": 8, "fields": {"title": "Hello", "description": "hello world", "teacher_class": 4, "image": "assignments/none/assignment.jpg", "date": "2018-12-20T09:57:58.529Z", "deadline": "2018-12-20T18:00:00Z"}}, {"model": "api.assignmentstudent", "pk": 1, "fields": {"assignment": 2, "student": 1}}, {"model": "api.assignmentstudent", "pk": 2, "fields": {"assignment": 3, "student": 2}}, {"model": "api.assignmentstudent", "pk": 3, "fields": {"assignment": 4, "student": 3}}, {"model": "api.assignmentstudent", "pk": 4, "fields": {"assignment": 5, "student": 1}}, {"model": "api.assignmentstudent", "pk": 6, "fields": {"assignment": 8, "student": 2}}, {"model": "api.notice", "pk": 2, "fields": {"title": "Annual day", "description": "On 21-12-18", "teacher_class": 8, "image": "notices/none/notice.png", "date": "2018-12-17T11:15:13.095Z"}}, {"model": "api.notice", "pk": 3, "fields": {"title": "Annual day", "description": "On 21-12-18", "teacher_class": 1, "image": "notices/none/notice.png", "date": "2018-12-17T11:15:23.305Z"}}, {"model": "api.notice", "pk": 4, "fields": {"title": "Annual day", "description": "On 21-12-18", "teacher_class": 5, "image": "notices/none/notice.png", "date": "2018-12-17T11:15:51.473Z"}}, {"model": "api.notice", "pk": 5, "fields": {"title": "Aadhar card", "description": "bring it", "teacher_class": 1, "image": "notices/none/notice.png", "date": "2018-12-17T11:16:21.873Z"}}, {"model": "api.notice", "pk": 6, "fields": {"title": "Teachers Day", "description": "Teachers day will be celebrated on 5th september", "teacher_class": 1, "image": "notices/none/notice.png", "date": "2018-12-17T11:16:35.689Z"}}, {"model": "api.notice", "pk": 7, "fields": {"title": "Teachers Day", "description": "Teachers day will be celebrated on 5th september", "teacher_class": 5, "image": "notices/none/notice.png", "date": "2018-12-17T11:16:50.659Z"}}, {"model": "api.notice", "pk": 8, "fields": {"title": "Teachers Day", "description": "Teachers day will be celebrated on 5th september", "teacher_class": 8, "image": "notices/none/notice.png", "date": "2018-12-17T11:16:59.389Z"}}, {"model": "api.notice", "pk": 10, "fields": {"title": "x-mas holidays", "description": "holidays from 18th - 31st", "teacher_class": 8, "image": "notices/none/notice.png", "date": "2018-12-17T11:17:33.692Z"}}, {"model": "api.notice", "pk": 12, "fields": {"title": "Playtime-funtime", "description": "alalalala abababa", "teacher_class": 8, "image": "notices/none/notice.png", "date": "2018-12-18T04:53:04.995Z"}}, {"model": "api.notice", "pk": 14, "fields": {"title": "Hello", "description": "olleh dlrow", "teacher_class": 4, "image": "notices/none/notice.png", "date": "2018-12-20T10:52:27.058Z"}}, {"model": "api.noticestudent", "pk": 1, "fields": {"notice": 5, "student": 1}}, {"model": "api.noticestudent", "pk": 2, "fields": {"notice": 2, "student": 2}}, {"model": "api.noticestudent", "pk": 3, "fields": {"notice": 3, "student": 1}}, {"model": "api.noticestudent", "pk": 4, "fields": {"notice": 4, "student": 3}}, {"model": "api.noticestudent", "pk": 6, "fields": {"notice": 6, "student": 2}}, {"model": "api.noticestudent", "pk": 7, "fields": {"notice": 7, "student": 1}}, {"model": "api.noticestudent", "pk": 8, "fields": {"notice": 8, "student": 3}}, {"model": "api.noticestudent", "pk": 10, "fields": {"notice": 10, "student": 1}}, {"model": "api.noticestudent", "pk": 12, "fields": {"notice": 12, "student": 1}}, {"model": "api.noticestudent", "pk": 14, "fields": {"notice": 14, "student": 1}}, {"model": "api.activity", "pk": 1, "fields": {"title": "Playtime-funtime", "description": "alalalala abababa", "teacher_class": 8, "image": "activities/none/activity.png", "date": "2018-12-17T10:30:40.820Z"}}, {"model": "api.activity", "pk": 2, "fields": {"title": "Gym", "description": "do some exercise", "teacher_class": 2, "image": "activities/none/activity.png", "date": "2018-12-17T10:32:19.607Z"}}, {"model": "api.activity", "pk": 3, "fields": {"title": "Homework", "description": "learn Konkani", "teacher_class": 5, "image": "activities/none/activity.png", "date": "2018-12-17T10:33:32.017Z"}}, {"model": "api.activity", "pk": 4, "fields": {"title": "Homework", "description": "plant some trees", "teacher_class": 1, "image": "activities/none/activity.png", "date": "2018-12-17T10:34:13.710Z"}}, {"model": "api.activity", "pk": 5, "fields": {"title": "Parent's Day", "description": "Parents day was celebrated", "teacher_class": 8, "image": "activities/none/activity.png", "date": "2018-12-17T10:34:39.600Z"}}, {"model": "api.activity", "pk": 6, "fields": {"title": "Parent's Day", "description": "Parents day was celebrated", "teacher_class": 1, "image": "activities/none/activity.png", "date": "2018-12-17T10:34:58.359Z"}}, {"model": "api.activity", "pk": 7, "fields": {"title": "Parent's Day", "description": "Parents day was celebrated", "teacher_class": 5, "image": "activities/none/activity.png", "date": "2018-12-17T10:35:15.515Z"}}, {"model": "api.activity", "pk": 8, "fields": {"title": "Teachers Day", "description": "Teachers day was celebrated", "teacher_class": 5, "image": "activities/none/activity.png", "date": "2018-12-17T10:35:36.288Z"}}, {"model": "api.activity", "pk": 9, "fields": {"title": "Teachers Day", "description": "Teachers day was celebrated", "teacher_class": 8, "image": "activities/none/activity.png", "date": "2018-12-17T10:35:52.258Z"}}, {"model": "api.activity", "pk": 12, "fields": {"title": "Hello", "description": "lalalalala", "teacher_class": 4, "image": "activities/none/activity.png", "date": "2018-12-20T09:45:40.934Z"}}, {"model": "api.activitystudent", "pk": 11, "fields": {"activity": 2, "student": 2}}, {"model": "api.activitystudent", "pk": 12, "fields": {"activity": 3, "student": 2}}, {"model": "api.activitystudent", "pk": 13, "fields": {"activity": 4, "student": 1}}, {"model": "api.activitystudent", "pk": 14, "fields": {"activity": 7, "student": 2}}, {"model": "api.activitystudent", "pk": 15, "fields": {"activity": 6, "student": 1}}, {"model": "api.activitystudent", "pk": 16, "fields": {"activity": 5, "student": 3}}, {"model": "api.activitystudent", "pk": 17, "fields": {"activity": 1, "student": 3}}, {"model": "api.activitystudent", "pk": 18, "fields": {"activity": 8, "student": 2}}, {"model": "api.activitystudent", "pk": 19, "fields": {"activity": 9, "student": 3}}, {"model": "api.activitystudent", "pk": 21, "fields": {"activity": 12, "student": 2}}, {"model": "api.feedbackstudent", "pk": 2, "fields": {"teacher": 1, "student": 1, "feedback": "hard working student", "date": "2018-12-17T11:13:36.137Z"}}, {"model": "api.feedbackstudent", "pk": 3, "fields": {"teacher": 1, "student": 2, "feedback": "qwernmasdjbd  m,mdds,,n", "date": "2018-12-17T11:13:49.810Z"}}, {"model": "api.feedbackstudent", "pk": 4, "fields": {"teacher": 3, "student": 3, "feedback": "Exercises regularly", "date": "2018-12-17T11:14:03.796Z"}}, {"model": "api.feedbackstudent", "pk": 5, "fields": {"teacher": 2, "student": 2, "feedback": "babkjskj aksjdka", "date": "2018-12-17T11:14:20.206Z"}}, {"model": "api.feedbackstudent", "pk": 6, "fields": {"teacher": 3, "student": 1, "feedback": "qwertyuio lkjhgfd", "date": "2018-12-17T11:34:45.242Z"}}, {"model": "api.feedbackstudent", "pk": 7, "fields": {"teacher": 3, "student": 1, "feedback": "qwertyuio lkjhgfd", "date": "2018-12-20T06:09:59.802Z"}}, {"model": "api.feedbackstudent", "pk": 10, "fields": {"teacher": 3, "student": 1, "feedback": "lalalalala", "date": "2018-12-24T07:44:43.783Z"}}, {"model": "api.attendance", "pk": 1, "fields": {"class_id": 1, "teacher": 1, "student": 1, "attendance": "P", "date": "2018-12-17"}}, {"model": "api.attendance", "pk": 2, "fields": {"class_id": 3, "teacher": 2, "student": 2, "attendance": "P", "date": "2018-12-13"}}, {"model": "api.attendance", "pk": 3, "fields": {"class_id": 3, "teacher": 2, "student": 2, "attendance": "P", "date": "2018-12-14"}}, {"model": "api.attendance", "pk": 5, "fields": {"class_id": 1, "teacher": 1, "student": 1, "attendance": "A", "date": "2018-12-14"}}, {"model": "api.attendance", "pk": 6, "fields": {"class_id": 4, "teacher": 3, "student": 3, "attendance": "P", "date": "2018-12-13"}}, {"model": "api.attendance", "pk": 7, "fields": {"class_id": 4, "teacher": 3, "student": 3, "attendance": "P", "date": "2018-12-14"}}, {"model": "api.attendance", "pk": 8, "fields": {"class_id": 1, "teacher": 1, "student": 1, "attendance": "P", "date": "2018-12-17"}}, {"model": "api.attendance", "pk": 9, "fields": {"class_id": 4, "teacher": 3, "student": 3, "attendance": "A", "date": "2018-12-17"}}, {"model": "api.attendance", "pk": 10, "fields": {"class_id": 3, "teacher": 1, "student": 2, "attendance": "P", "date": "2018-12-17"}}, {"model": "api.attendance", "pk": 11, "fields": {"class_id": 3, "teacher": 1, "student": 2, "attendance": "P", "date": "2018-12-17"}}, {"model": "api.attendance", "pk": 17, "fields": {"class_id": 3, "teacher": 1, "student": 2, "attendance": "P", "date": "2018-12-31"}}, {"model": "admin.logentry", "pk": 1, "fields": {"action_time": "2018-12-11T17:49:14.741Z", "user": 1, "content_type": 4, "object_id": "2", "object_repr": "teacher_1", "action_flag": 1, "change_message": "[{\"added\": {}}]"}}, {"model": "admin.logentry", "pk": 2, "fields": {"action_time": "2018-12-11T17:55:47.711Z", "user": 1, "content_type": 12, "object_id": "1", "object_repr": "Teacher object (1)", "action_flag": 1, "change_message": "[{\"added\": {}}]"}}, {"model": "admin.logentry", "pk": 3, "fields": {"action_time": "2018-12-11T17:58:23.331Z", "user": 1, "content_type": 4, "object_id": "3", "object_repr": "teacher_2", "action_flag": 1, "change_message": "[{\"added\": {}}]"}}, {"model": "admin.logentry", "pk": 4, "fields": {"action_time": "2018-12-11T17:58:50.172Z", "user": 1, "content_type": 12, "object_id": "2", "object_repr": "Teacher object (2)", "action_flag": 1, "change_message": "[{\"added\": {}}]"}}, {"model": "admin.logentry", "pk": 5, "fields": {"action_time": "2018-12-11T17:59:26.507Z", "user": 1, "content_type": 7, "object_id": "1", "object_repr": "Class object (1)", "action_flag": 1, "change_message": "[{\"added\": {}}]"}}, {"model": "admin.logentry", "pk": 6, "fields": {"action_time": "2018-12-11T18:00:58.295Z", "user": 1, "content_type": 7, "object_id": "1", "object_repr": "Class object (1)", "action_flag": 2, "change_message": "[]"}}, {"model": "admin.logentry", "pk": 7, "fields": {"action_time": "2018-12-11T18:01:18.239Z", "user": 1, "content_type": 7, "object_id": "3", "object_repr": "Class object (3)", "action_flag": 1, "change_message": "[{\"added\": {}}]"}}, {"model": "admin.logentry", "pk": 8, "fields": {"action_time": "2018-12-11T18:14:20.376Z", "user": 1, "content_type": 4, "object_id": "4", "object_repr": "teacher_3", "action_flag": 1, "change_message": "[{\"added\": {}}]"}}, {"model": "admin.logentry", "pk": 9, "fields": {"action_time": "2018-12-11T18:14:42.053Z", "user": 1, "content_type": 12, "object_id": "3", "object_repr": "Ethan Alberto", "action_flag": 1, "change_message": "[{\"added\": {}}]"}}, {"model": "admin.logentry", "pk": 10, "fields": {"action_time": "2018-12-11T18:14:46.536Z", "user": 1, "content_type": 7, "object_id": "4", "object_repr": "Class: 2A", "action_flag": 1, "change_message": "[{\"added\": {}}]"}}, {"model": "admin.logentry", "pk": 11, "fields": {"action_time": "2018-12-11T18:16:51.619Z", "user": 1, "content_type": 8, "object_id": "1", "object_repr": "Ruchi Kumari", "action_flag": 1, "change_message": "[{\"added\": {}}]"}}, {"model": "admin.logentry", "pk": 12, "fields": {"action_time": "2018-12-11T18:18:20.105Z", "user": 1, "content_type": 8, "object_id": "2", "object_repr": "Nitish Yadav", "action_flag": 1, "change_message": "[{\"added\": {}}]"}}, {"model": "admin.logentry", "pk": 13, "fields": {"action_time": "2018-12-11T18:18:28.351Z", "user": 1, "content_type": 8, "object_id": "2", "object_repr": "Nitish Yadav", "action_flag": 2, "change_message": "[]"}}, {"model": "admin.logentry", "pk": 14, "fields": {"action_time": "2018-12-11T18:20:01.105Z", "user": 1, "content_type": 8, "object_id": "3", "object_repr": "Rishikesh Arolkar", "action_flag": 1, "change_message": "[{\"added\": {}}]"}}, {"model": "admin.logentry", "pk": 15, "fields": {"action_time": "2018-12-11T18:21:54.548Z", "user": 1, "content_type": 4, "object_id": "5", "object_repr": "parent_1", "action_flag": 1, "change_message": "[{\"added\": {}}]"}}, {"model": "admin.logentry", "pk": 16, "fields": {"action_time": "2018-12-11T18:22:08.748Z", "user": 1, "content_type": 4, "object_id": "6", "object_repr": "parent_2", "action_flag": 1, "change_message": "[{\"added\": {}}]"}}, {"model": "admin.logentry", "pk": 17, "fields": {"action_time": "2018-12-11T18:22:30.509Z", "user": 1, "content_type": 4, "object_id": "7", "object_repr": "parent_3", "action_flag": 1, "change_message": "[{\"added\": {}}]"}}, {"model": "admin.logentry", "pk": 18, "fields": {"action_time": "2018-12-11T18:23:45.800Z", "user": 1, "content_type": 9, "object_id": "1", "object_repr": "A C", "action_flag": 1, "change_message": "[{\"added\": {}}]"}}, {"model": "admin.logentry", "pk": 19, "fields": {"action_time": "2018-12-11T18:24:14.367Z", "user": 1, "content_type": 9, "object_id": "1", "object_repr": "A C", "action_flag": 2, "change_message": "[]"}}, {"model": "admin.logentry", "pk": 20, "fields": {"action_time": "2018-12-11T18:25:58.382Z", "user": 1, "content_type": 9, "object_id": "2", "object_repr": "ABC YZH", "action_flag": 1, "change_message": "[{\"added\": {}}]"}}, {"model": "admin.logentry", "pk": 21, "fields": {"action_time": "2018-12-11T18:26:57.729Z", "user": 1, "content_type": 9, "object_id": "3", "object_repr": "JKW KKS", "action_flag": 1, "change_message": "[{\"added\": {}}]"}}, {"model": "admin.logentry", "pk": 22, "fields": {"action_time": "2018-12-11T18:27:32.372Z", "user": 1, "content_type": 10, "object_id": "1", "object_repr": "Parent: A C Child: Ruchi Kumari", "action_flag": 1, "change_message": "[{\"added\": {}}]"}}, {"model": "admin.logentry", "pk": 23, "fields": {"action_time": "2018-12-11T18:27:48.490Z", "user": 1, "content_type": 10, "object_id": "2", "object_repr": "Parent: A C Child: Nitish Yadav", "action_flag": 1, "change_message": "[{\"added\": {}}]"}}, {"model": "admin.logentry", "pk": 24, "fields": {"action_time": "2018-12-11T18:27:58.032Z", "user": 1, "content_type": 10, "object_id": "3", "object_repr": "Parent: ABC YZH Child: Ruchi Kumari", "action_flag": 1, "change_message": "[{\"added\": {}}]"}}, {"model": "admin.logentry", "pk": 25, "fields": {"action_time": "2018-12-11T18:28:15.861Z", "user": 1, "content_type": 10, "object_id": "4", "object_repr": "Parent: JKW KKS Child: Rishikesh Arolkar", "action_flag": 1, "change_message": "[{\"added\": {}}]"}}, {"model": "admin.logentry", "pk": 26, "fields": {"action_time": "2018-12-11T18:29:03.219Z", "user": 1, "content_type": 10, "object_id": "5", "object_repr": "Parent: ABC YZH Child: Rishikesh Arolkar", "action_flag": 1, "change_message": "[{\"added\": {}}]"}}, {"model": "admin.logentry", "pk": 27, "fields": {"action_time": "2018-12-11T18:29:18.402Z", "user": 1, "content_type": 10, "object_id": "5", "object_repr": "Parent: ABC YZH Child: Rishikesh Arolkar", "action_flag": 2, "change_message": "[{\"changed\": {\"fields\": [\"relation\"]}}]"}}, {"model": "admin.logentry", "pk": 28, "fields": {"action_time": "2018-12-11T18:29:48.069Z", "user": 1, "content_type": 10, "object_id": "5", "object_repr": "Parent: ABC YZH Child: Rishikesh Arolkar", "action_flag": 3, "change_message": ""}}, {"model": "admin.logentry", "pk": 29, "fields": {"action_time": "2018-12-11T18:29:48.133Z", "user": 1, "content_type": 10, "object_id": "4", "object_repr": "Parent: JKW KKS Child: Rishikesh Arolkar", "action_flag": 3, "change_message": ""}}, {"model": "admin.logentry", "pk": 30, "fields": {"action_time": "2018-12-11T18:29:48.141Z", "user": 1, "content_type": 10, "object_id": "3", "object_repr": "Parent: ABC YZH Child: Ruchi Kumari", "action_flag": 3, "change_message": ""}}, {"model": "admin.logentry", "pk": 31, "fields": {"action_time": "2018-12-11T18:29:48.146Z", "user": 1, "content_type": 10, "object_id": "2", "object_repr": "Parent: A C Child: Nitish Yadav", "action_flag": 3, "change_message": ""}}, {"model": "admin.logentry", "pk": 32, "fields": {"action_time": "2018-12-11T18:29:48.152Z", "user": 1, "content_type": 10, "object_id": "1", "object_repr": "Parent: A C Child: Ruchi Kumari", "action_flag": 3, "change_message": ""}}, {"model": "admin.logentry", "pk": 33, "fields": {"action_time": "2018-12-11T18:30:00.167Z", "user": 1, "content_type": 10, "object_id": "6", "object_repr": "Parent: A C Child: Ruchi Kumari", "action_flag": 1, "change_message": "[{\"added\": {}}]"}}, {"model": "admin.logentry", "pk": 34, "fields": {"action_time": "2018-12-11T18:30:07.127Z", "user": 1, "content_type": 10, "object_id": "7", "object_repr": "Parent: A C Child: Nitish Yadav", "action_flag": 1, "change_message": "[{\"added\": {}}]"}}, {"model": "admin.logentry", "pk": 35, "fields": {"action_time": "2018-12-11T18:30:17.738Z", "user": 1, "content_type": 10, "object_id": "8", "object_repr": "Parent: ABC YZH Child: Rishikesh Arolkar", "action_flag": 1, "change_message": "[{\"added\": {}}]"}}, {"model": "admin.logentry", "pk": 36, "fields": {"action_time": "2018-12-11T18:30:27.419Z", "user": 1, "content_type": 10, "object_id": "9", "object_repr": "Parent: JKW KKS Child: Rishikesh Arolkar", "action_flag": 1, "change_message": "[{\"added\": {}}]"}}, {"model": "admin.logentry", "pk": 37, "fields": {"action_time": "2018-12-11T18:31:12.882Z", "user": 1, "content_type": 11, "object_id": "1", "object_repr": "EVS", "action_flag": 1, "change_message": "[{\"added\": {}}]"}}, {"model": "admin.logentry", "pk": 38, "fields": {"action_time": "2018-12-11T18:31:16.967Z", "user": 1, "content_type": 11, "object_id": "2", "object_repr": "GYM", "action_flag": 1, "change_message": "[{\"added\": {}}]"}}, {"model": "admin.logentry", "pk": 39, "fields": {"action_time": "2018-12-11T18:31:25.325Z", "user": 1, "content_type": 11, "object_id": "3", "object_repr": "English", "action_flag": 1, "change_message": "[{\"added\": {}}]"}}, {"model": "admin.logentry", "pk": 40, "fields": {"action_time": "2018-12-11T18:31:31.456Z", "user": 1, "content_type": 11, "object_id": "4", "object_repr": "Konkani", "action_flag": 1, "change_message": "[{\"added\": {}}]"}}, {"model": "admin.logentry", "pk": 41, "fields": {"action_time": "2018-12-11T18:31:35.619Z", "user": 1, "content_type": 11, "object_id": "5", "object_repr": "Mathematics", "action_flag": 1, "change_message": "[{\"added\": {}}]"}}, {"model": "admin.logentry", "pk": 42, "fields": {"action_time": "2018-12-11T18:31:40.231Z", "user": 1, "content_type": 11, "object_id": "6", "object_repr": "Playtime", "action_flag": 1, "change_message": "[{\"added\": {}}]"}}, {"model": "admin.logentry", "pk": 43, "fields": {"action_time": "2018-12-11T18:32:04.167Z", "user": 1, "content_type": 11, "object_id": "7", "object_repr": "Music", "action_flag": 1, "change_message": "[{\"added\": {}}]"}}, {"model": "admin.logentry", "pk": 44, "fields": {"action_time": "2018-12-11T18:33:05.125Z", "user": 1, "content_type": 13, "object_id": "1", "object_repr": "Class: 1B Siddharth Gawas-EVS", "action_flag": 1, "change_message": "[{\"added\": {}}]"}}, {"model": "admin.logentry", "pk": 45, "fields": {"action_time": "2018-12-11T18:33:10.227Z", "user": 1, "content_type": 13, "object_id": "2", "object_repr": "Class: 1A Siddharth Gawas-GYM", "action_flag": 1, "change_message": "[{\"added\": {}}]"}}, {"model": "admin.logentry", "pk": 46, "fields": {"action_time": "2018-12-11T18:33:15.583Z", "user": 1, "content_type": 13, "object_id": "3", "object_repr": "Class: 2A Siddharth Gawas-Konkani", "action_flag": 1, "change_message": "[{\"added\": {}}]"}}, {"model": "admin.logentry", "pk": 47, "fields": {"action_time": "2018-12-11T18:33:24.985Z", "user": 1, "content_type": 13, "object_id": "4", "object_repr": "Class: 1B Nehal Bhandari-Playtime", "action_flag": 1, "change_message": "[{\"added\": {}}]"}}, {"model": "admin.logentry", "pk": 48, "fields": {"action_time": "2018-12-11T18:33:30.546Z", "user": 1, "content_type": 13, "object_id": "5", "object_repr": "Class: 1A Nehal Bhandari-Konkani", "action_flag": 1, "change_message": "[{\"added\": {}}]"}}, {"model": "admin.logentry", "pk": 49, "fields": {"action_time": "2018-12-11T18:33:59.463Z", "user": 1, "content_type": 13, "object_id": "6", "object_repr": "Class: 2A Nehal Bhandari-EVS", "action_flag": 1, "change_message": "[{\"added\": {}}]"}}, {"model": "admin.logentry", "pk": 50, "fields": {"action_time": "2018-12-11T18:34:14.800Z", "user": 1, "content_type": 13, "object_id": "7", "object_repr": "Class: 1B Ethan Alberto-Music", "action_flag": 1, "change_message": "[{\"added\": {}}]"}}, {"model": "admin.logentry", "pk": 51, "fields": {"action_time": "2018-12-11T18:34:20.457Z", "user": 1, "content_type": 13, "object_id": "8", "object_repr": "Class: 2A Ethan Alberto-Playtime", "action_flag": 1, "change_message": "[{\"added\": {}}]"}}, {"model": "admin.logentry", "pk": 52, "fields": {"action_time": "2018-12-17T10:32:19.631Z", "user": 1, "content_type": 15, "object_id": "2", "object_repr": "Title :Gym -- Class: 1A", "action_flag": 1, "change_message": "[{\"added\": {}}]"}}, {"model": "admin.logentry", "pk": 53, "fields": {"action_time": "2018-12-17T10:33:32.040Z", "user": 1, "content_type": 15, "object_id": "3", "object_repr": "Title :Homework -- Class: 1A", "action_flag": 1, "change_message": "[{\"added\": {}}]"}}, {"model": "admin.logentry", "pk": 54, "fields": {"action_time": "2018-12-17T10:34:13.752Z", "user": 1, "content_type": 15, "object_id": "4", "object_repr": "Title :Homework -- Class: 1B", "action_flag": 1, "change_message": "[{\"added\": {}}]"}}, {"model": "admin.logentry", "pk": 55, "fields": {"action_time": "2018-12-17T10:34:39.612Z", "user": 1, "content_type": 15, "object_id": "5", "object_repr": "Title :Parent's Day -- Class: 2A", "action_flag": 1, "change_message": "[{\"added\": {}}]"}}, {"model": "admin.logentry", "pk": 56, "fields": {"action_time": "2018-12-17T10:34:58.376Z", "user": 1, "content_type": 15, "object_id": "6", "object_repr": "Title :Parent's Day -- Class: 1A", "action_flag": 1, "change_message": "[{\"added\": {}}]"}}, {"model": "admin.logentry", "pk": 57, "fields": {"action_time": "2018-12-17T10:35:15.546Z", "user": 1, "content_type": 15, "object_id": "7", "object_repr": "Title :Parent's Day -- Class: 1B", "action_flag": 1, "change_message": "[{\"added\": {}}]"}}, {"model": "admin.logentry", "pk": 58, "fields": {"action_time": "2018-12-17T10:35:36.302Z", "user": 1, "content_type": 15, "object_id": "8", "object_repr": "Title :Teachers Day -- Class: 2A", "action_flag": 1, "change_message": "[{\"added\": {}}]"}}, {"model": "admin.logentry", "pk": 59, "fields": {"action_time": "2018-12-17T10:35:52.298Z", "user": 1, "content_type": 15, "object_id": "9", "object_repr": "Title :Teachers Day -- Class: 1A", "action_flag": 1, "change_message": "[{\"added\": {}}]"}}, {"model": "admin.logentry", "pk": 60, "fields": {"action_time": "2018-12-17T10:36:12.114Z", "user": 1, "content_type": 16, "object_id": "1", "object_repr": "Activity : Title :Gym -- Class: 1A Student :Nitish Yadav -- Class: 1A", "action_flag": 1, "change_message": "[{\"added\": {}}]"}}, {"model": "admin.logentry", "pk": 61, "fields": {"action_time": "2018-12-17T10:36:21.883Z", "user": 1, "content_type": 16, "object_id": "2", "object_repr": "Activity : Title :Homework -- Class: 1A Student :Nitish Yadav -- Class: 1A", "action_flag": 1, "change_message": "[{\"added\": {}}]"}}, {"model": "admin.logentry", "pk": 62, "fields": {"action_time": "2018-12-17T10:36:31.927Z", "user": 1, "content_type": 16, "object_id": "3", "object_repr": "Activity : Title :Homework -- Class: 1B Student :Ruchi Kumari -- Class: 1B", "action_flag": 1, "change_message": "[{\"added\": {}}]"}}, {"model": "admin.logentry", "pk": 63, "fields": {"action_time": "2018-12-17T10:36:39.996Z", "user": 1, "content_type": 16, "object_id": "4", "object_repr": "Activity : Title :Parent's Day -- Class: 2A Student :Rishikesh Arolkar -- Class: 2A", "action_flag": 1, "change_message": "[{\"added\": {}}]"}}, {"model": "admin.logentry", "pk": 64, "fields": {"action_time": "2018-12-17T10:36:52.438Z", "user": 1, "content_type": 16, "object_id": "5", "object_repr": "Activity : Title :Parent's Day -- Class: 1A Student :Nitish Yadav -- Class: 1A", "action_flag": 1, "change_message": "[{\"added\": {}}]"}}, {"model": "admin.logentry", "pk": 65, "fields": {"action_time": "2018-12-17T10:37:02.468Z", "user": 1, "content_type": 16, "object_id": "6", "object_repr": "Activity : Title :Parent's Day -- Class: 1B Student :Ruchi Kumari -- Class: 1B", "action_flag": 1, "change_message": "[{\"added\": {}}]"}}, {"model": "admin.logentry", "pk": 66, "fields": {"action_time": "2018-12-17T10:37:18.319Z", "user": 1, "content_type": 16, "object_id": "7", "object_repr": "Activity : Title :Playtime-funtime -- Class: 1B Student :Ruchi Kumari -- Class: 1B", "action_flag": 1, "change_message": "[{\"added\": {}}]"}}, {"model": "admin.logentry", "pk": 67, "fields": {"action_time": "2018-12-17T10:37:27.774Z", "user": 1, "content_type": 16, "object_id": "8", "object_repr": "Activity : Title :Teachers Day -- Class: 2A Student :Rishikesh Arolkar -- Class: 2A", "action_flag": 1, "change_message": "[{\"added\": {}}]"}}, {"model": "admin.logentry", "pk": 68, "fields": {"action_time": "2018-12-17T10:37:35.314Z", "user": 1, "content_type": 16, "object_id": "9", "object_repr": "Activity : Title :Teachers Day -- Class: 1A Student :Nitish Yadav -- Class: 1A", "action_flag": 1, "change_message": "[{\"added\": {}}]"}}, {"model": "admin.logentry", "pk": 69, "fields": {"action_time": "2018-12-17T10:42:54.324Z", "user": 1, "content_type": 12, "object_id": "7", "object_repr": "Class: 1B Ethan Alberto--Class: 2A-Music", "action_flag": 2, "change_message": "[]"}}, {"model": "admin.logentry", "pk": 70, "fields": {"action_time": "2018-12-17T10:45:08.817Z", "user": 1, "content_type": 15, "object_id": "1", "object_repr": "Title :Playtime-funtime -- Class: 1B", "action_flag": 2, "change_message": "[{\"changed\": {\"fields\": [\"teacher\"]}}]"}}, {"model": "admin.logentry", "pk": 71, "fields": {"action_time": "2018-12-17T10:47:46.603Z", "user": 1, "content_type": 17, "object_id": "2", "object_repr": "Title :Evs -- Class: 1B Siddharth Gawas--Class: 1B-EVS", "action_flag": 1, "change_message": "[{\"added\": {}}]"}}, {"model": "admin.logentry", "pk": 72, "fields": {"action_time": "2018-12-17T10:48:16.148Z", "user": 1, "content_type": 17, "object_id": "3", "object_repr": "Title :Gym -- Class: 1A Siddharth Gawas--Class: 1B-GYM", "action_flag": 1, "change_message": "[{\"added\": {}}]"}}, {"model": "admin.logentry", "pk": 73, "fields": {"action_time": "2018-12-17T10:48:39.973Z", "user": 1, "content_type": 15, "object_id": "2", "object_repr": "Title :Gym -- Class: 1A", "action_flag": 2, "change_message": "[{\"changed\": {\"fields\": [\"description\"]}}]"}}, {"model": "admin.logentry", "pk": 74, "fields": {"action_time": "2018-12-17T10:48:56.634Z", "user": 1, "content_type": 15, "object_id": "2", "object_repr": "Title :Gym -- Class: 1A", "action_flag": 2, "change_message": "[{\"changed\": {\"fields\": [\"description\"]}}]"}}, {"model": "admin.logentry", "pk": 75, "fields": {"action_time": "2018-12-17T10:49:53.390Z", "user": 1, "content_type": 17, "object_id": "4", "object_repr": "Title :Konkani -- Class: 2A Siddharth Gawas--Class: 1B-Konkani", "action_flag": 1, "change_message": "[{\"added\": {}}]"}}, {"model": "admin.logentry", "pk": 76, "fields": {"action_time": "2018-12-17T10:50:37.470Z", "user": 1, "content_type": 17, "object_id": "5", "object_repr": "Title :music -- Class: 1B Ethan Alberto--Class: 2A-Music", "action_flag": 1, "change_message": "[{\"added\": {}}]"}}, {"model": "admin.logentry", "pk": 77, "fields": {"action_time": "2018-12-17T10:52:22.642Z", "user": 1, "content_type": 18, "object_id": "1", "object_repr": "Title :Evs -- Class: 1B Siddharth Gawas--Class: 1B-EVS -- Ruchi Kumari -- Class: 1B", "action_flag": 1, "change_message": "[{\"added\": {}}]"}}, {"model": "admin.logentry", "pk": 78, "fields": {"action_time": "2018-12-17T10:52:33.899Z", "user": 1, "content_type": 18, "object_id": "2", "object_repr": "Title :Gym -- Class: 1A Siddharth Gawas--Class: 1B-GYM -- Nitish Yadav -- Class: 1A", "action_flag": 1, "change_message": "[{\"added\": {}}]"}}, {"model": "admin.logentry", "pk": 79, "fields": {"action_time": "2018-12-17T10:52:43.010Z", "user": 1, "content_type": 18, "object_id": "3", "object_repr": "Title :Konkani -- Class: 2A Siddharth Gawas--Class: 1B-Konkani -- Rishikesh Arolkar -- Class: 2A", "action_flag": 1, "change_message": "[{\"added\": {}}]"}}, {"model": "admin.logentry", "pk": 80, "fields": {"action_time": "2018-12-17T10:53:30.854Z", "user": 1, "content_type": 18, "object_id": "4", "object_repr": "Title :music -- Class: 1B Ethan Alberto--Class: 2A-Music -- Ruchi Kumari -- Class: 1B", "action_flag": 1, "change_message": "[{\"added\": {}}]"}}, {"model": "admin.logentry", "pk": 81, "fields": {"action_time": "2018-12-17T10:54:58.708Z", "user": 1, "content_type": 18, "object_id": "5", "object_repr": "Title :Playtime-funtime -- Class: 1B Nehal Bhandari--Class: 1A-Playtime -- Ruchi Kumari -- Class: 1B", "action_flag": 1, "change_message": "[{\"added\": {}}]"}}, {"model": "admin.logentry", "pk": 82, "fields": {"action_time": "2018-12-17T10:55:45.675Z", "user": 1, "content_type": 19, "object_id": "2", "object_repr": "Student : Nitish Yadav -- Class: 1A Attendance : P", "action_flag": 1, "change_message": "[{\"added\": {}}]"}}, {"model": "admin.logentry", "pk": 83, "fields": {"action_time": "2018-12-17T10:56:28.127Z", "user": 1, "content_type": 19, "object_id": "3", "object_repr": "Student : Nitish Yadav -- Class: 1A Attendance : P", "action_flag": 1, "change_message": "[{\"added\": {}}]"}}, {"model": "admin.logentry", "pk": 84, "fields": {"action_time": "2018-12-17T10:56:49.536Z", "user": 1, "content_type": 19, "object_id": "4", "object_repr": "Student : Nitish Yadav -- Class: 1A Attendance : A", "action_flag": 1, "change_message": "[{\"added\": {}}]"}}, {"model": "admin.logentry", "pk": 85, "fields": {"action_time": "2018-12-17T10:57:28.305Z", "user": 1, "content_type": 19, "object_id": "5", "object_repr": "Student : Ruchi Kumari -- Class: 1B Attendance : A", "action_flag": 1, "change_message": "[{\"added\": {}}]"}}, {"model": "admin.logentry", "pk": 86, "fields": {"action_time": "2018-12-17T10:58:03.886Z", "user": 1, "content_type": 19, "object_id": "4", "object_repr": "Student : Nitish Yadav -- Class: 1A Attendance : A", "action_flag": 2, "change_message": "[{\"changed\": {\"fields\": [\"teacher\"]}}]"}}, {"model": "admin.logentry", "pk": 87, "fields": {"action_time": "2018-12-17T10:58:31.793Z", "user": 1, "content_type": 19, "object_id": "1", "object_repr": "Student : Ruchi Kumari -- Class: 1B Attendance : P", "action_flag": 2, "change_message": "[{\"changed\": {\"fields\": [\"student\"]}}]"}}, {"model": "admin.logentry", "pk": 88, "fields": {"action_time": "2018-12-17T10:59:06.742Z", "user": 1, "content_type": 19, "object_id": "4", "object_repr": "Student : Nitish Yadav -- Class: 1A Attendance : A", "action_flag": 2, "change_message": "[{\"changed\": {\"fields\": [\"date\"]}}]"}}, {"model": "admin.logentry", "pk": 89, "fields": {"action_time": "2018-12-17T10:59:25.185Z", "user": 1, "content_type": 19, "object_id": "1", "object_repr": "Student : Ruchi Kumari -- Class: 1B Attendance : P", "action_flag": 2, "change_message": "[{\"changed\": {\"fields\": [\"class_id\"]}}]"}}, {"model": "admin.logentry", "pk": 90, "fields": {"action_time": "2018-12-17T10:59:25.499Z", "user": 1, "content_type": 19, "object_id": "1", "object_repr": "Student : Ruchi Kumari -- Class: 1B Attendance : P", "action_flag": 2, "change_message": "[]"}}, {"model": "admin.logentry", "pk": 91, "fields": {"action_time": "2018-12-17T10:59:51.043Z", "user": 1, "content_type": 19, "object_id": "6", "object_repr": "Student : Rishikesh Arolkar -- Class: 2A Attendance : P", "action_flag": 1, "change_message": "[{\"added\": {}}]"}}, {"model": "admin.logentry", "pk": 92, "fields": {"action_time": "2018-12-17T11:00:10.450Z", "user": 1, "content_type": 19, "object_id": "7", "object_repr": "Student : Rishikesh Arolkar -- Class: 2A Attendance : P", "action_flag": 1, "change_message": "[{\"added\": {}}]"}}, {"model": "admin.logentry", "pk": 93, "fields": {"action_time": "2018-12-17T11:00:26.313Z", "user": 1, "content_type": 19, "object_id": "8", "object_repr": "Student : Ruchi Kumari -- Class: 1B Attendance : P", "action_flag": 1, "change_message": "[{\"added\": {}}]"}}, {"model": "admin.logentry", "pk": 94, "fields": {"action_time": "2018-12-17T11:00:37.571Z", "user": 1, "content_type": 19, "object_id": "9", "object_repr": "Student : Rishikesh Arolkar -- Class: 2A Attendance : A", "action_flag": 1, "change_message": "[{\"added\": {}}]"}}, {"model": "admin.logentry", "pk": 95, "fields": {"action_time": "2018-12-17T11:13:36.411Z", "user": 1, "content_type": 22, "object_id": "2", "object_repr": "Teacher : Siddharth Gawas--Class: 1B Student : Ruchi Kumari -- Class: 1B", "action_flag": 1, "change_message": "[{\"added\": {}}]"}}, {"model": "admin.logentry", "pk": 96, "fields": {"action_time": "2018-12-17T11:13:49.842Z", "user": 1, "content_type": 22, "object_id": "3", "object_repr": "Teacher : Siddharth Gawas--Class: 1B Student : Nitish Yadav -- Class: 1A", "action_flag": 1, "change_message": "[{\"added\": {}}]"}}, {"model": "admin.logentry", "pk": 97, "fields": {"action_time": "2018-12-17T11:14:03.824Z", "user": 1, "content_type": 22, "object_id": "4", "object_repr": "Teacher : Ethan Alberto--Class: 2A Student : Rishikesh Arolkar -- Class: 2A", "action_flag": 1, "change_message": "[{\"added\": {}}]"}}, {"model": "admin.logentry", "pk": 98, "fields": {"action_time": "2018-12-17T11:14:20.226Z", "user": 1, "content_type": 22, "object_id": "5", "object_repr": "Teacher : Nehal Bhandari--Class: 1A Student : Nitish Yadav -- Class: 1A", "action_flag": 1, "change_message": "[{\"added\": {}}]"}}, {"model": "admin.logentry", "pk": 99, "fields": {"action_time": "2018-12-17T11:15:13.143Z", "user": 1, "content_type": 20, "object_id": "2", "object_repr": "Title :Annual day -- Class: 1A", "action_flag": 1, "change_message": "[{\"added\": {}}]"}}, {"model": "admin.logentry", "pk": 100, "fields": {"action_time": "2018-12-17T11:15:23.321Z", "user": 1, "content_type": 20, "object_id": "3", "object_repr": "Title :Annual day -- Class: 1B", "action_flag": 1, "change_message": "[{\"added\": {}}]"}}, {"model": "admin.logentry", "pk": 101, "fields": {"action_time": "2018-12-17T11:15:51.506Z", "user": 1, "content_type": 20, "object_id": "4", "object_repr": "Title :Annual day -- Class: 2A", "action_flag": 1, "change_message": "[{\"added\": {}}]"}}, {"model": "admin.logentry", "pk": 102, "fields": {"action_time": "2018-12-17T11:16:21.949Z", "user": 1, "content_type": 20, "object_id": "5", "object_repr": "Title :Aadhar card -- Class: 1B", "action_flag": 1, "change_message": "[{\"added\": {}}]"}}, {"model": "admin.logentry", "pk": 103, "fields": {"action_time": "2018-12-17T11:16:35.718Z", "user": 1, "content_type": 20, "object_id": "6", "object_repr": "Title :Teachers Day -- Class: 1A", "action_flag": 1, "change_message": "[{\"added\": {}}]"}}, {"model": "admin.logentry", "pk": 104, "fields": {"action_time": "2018-12-17T11:16:50.687Z", "user": 1, "content_type": 20, "object_id": "7", "object_repr": "Title :Teachers Day -- Class: 1B", "action_flag": 1, "change_message": "[{\"added\": {}}]"}}, {"model": "admin.logentry", "pk": 105, "fields": {"action_time": "2018-12-17T11:16:59.422Z", "user": 1, "content_type": 20, "object_id": "8", "object_repr": "Title :Teachers Day -- Class: 2A", "action_flag": 1, "change_message": "[{\"added\": {}}]"}}, {"model": "admin.logentry", "pk": 106, "fields": {"action_time": "2018-12-17T11:17:23.058Z", "user": 1, "content_type": 20, "object_id": "9", "object_repr": "Title :x-mas holidays -- Class: 1A", "action_flag": 1, "change_message": "[{\"added\": {}}]"}}, {"model": "admin.logentry", "pk": 107, "fields": {"action_time": "2018-12-17T11:17:33.716Z", "user": 1, "content_type": 20, "object_id": "10", "object_repr": "Title :x-mas holidays -- Class: 1B", "action_flag": 1, "change_message": "[{\"added\": {}}]"}}, {"model": "admin.logentry", "pk": 108, "fields": {"action_time": "2018-12-17T11:17:48.106Z", "user": 1, "content_type": 20, "object_id": "11", "object_repr": "Title :x-mas holidays -- Class: 2A", "action_flag": 1, "change_message": "[{\"added\": {}}]"}}, {"model": "admin.logentry", "pk": 109, "fields": {"action_time": "2018-12-17T11:18:28.286Z", "user": 1, "content_type": 21, "object_id": "1", "object_repr": "Notice : Title :Aadhar card -- Class: 1B -- Ruchi Kumari -- Class: 1B", "action_flag": 1, "change_message": "[{\"added\": {}}]"}}, {"model": "admin.logentry", "pk": 110, "fields": {"action_time": "2018-12-17T11:18:37.232Z", "user": 1, "content_type": 21, "object_id": "2", "object_repr": "Notice : Title :Annual day -- Class: 1A -- Nitish Yadav -- Class: 1A", "action_flag": 1, "change_message": "[{\"added\": {}}]"}}, {"model": "admin.logentry", "pk": 111, "fields": {"action_time": "2018-12-17T11:18:45.533Z", "user": 1, "content_type": 21, "object_id": "3", "object_repr": "Notice : Title :Annual day -- Class: 1B -- Ruchi Kumari -- Class: 1B", "action_flag": 1, "change_message": "[{\"added\": {}}]"}}, {"model": "admin.logentry", "pk": 112, "fields": {"action_time": "2018-12-17T11:18:57.645Z", "user": 1, "content_type": 21, "object_id": "4", "object_repr": "Notice : Title :Annual day -- Class: 2A -- Rishikesh Arolkar -- Class: 2A", "action_flag": 1, "change_message": "[{\"added\": {}}]"}}, {"model": "admin.logentry", "pk": 113, "fields": {"action_time": "2018-12-17T11:19:13.577Z", "user": 1, "content_type": 21, "object_id": "5", "object_repr": "Notice : Title :Playtime-funtime -- Class: 1B -- Ruchi Kumari -- Class: 1B", "action_flag": 1, "change_message": "[{\"added\": {}}]"}}, {"model": "admin.logentry", "pk": 114, "fields": {"action_time": "2018-12-17T11:19:19.434Z", "user": 1, "content_type": 21, "object_id": "6", "object_repr": "Notice : Title :Teachers Day -- Class: 1A -- Nitish Yadav -- Class: 1A", "action_flag": 1, "change_message": "[{\"added\": {}}]"}}, {"model": "admin.logentry", "pk": 115, "fields": {"action_time": "2018-12-17T11:19:32.716Z", "user": 1, "content_type": 21, "object_id": "7", "object_repr": "Notice : Title :Teachers Day -- Class: 1B -- Ruchi Kumari -- Class: 1B", "action_flag": 1, "change_message": "[{\"added\": {}}]"}}, {"model": "admin.logentry", "pk": 116, "fields": {"action_time": "2018-12-17T11:19:49.563Z", "user": 1, "content_type": 21, "object_id": "8", "object_repr": "Notice : Title :Teachers Day -- Class: 2A -- Rishikesh Arolkar -- Class: 2A", "action_flag": 1, "change_message": "[{\"added\": {}}]"}}, {"model": "admin.logentry", "pk": 117, "fields": {"action_time": "2018-12-17T11:19:56.573Z", "user": 1, "content_type": 21, "object_id": "9", "object_repr": "Notice : Title :x-mas holidays -- Class: 1A -- Nitish Yadav -- Class: 1A", "action_flag": 1, "change_message": "[{\"added\": {}}]"}}, {"model": "admin.logentry", "pk": 118, "fields": {"action_time": "2018-12-17T11:20:03.767Z", "user": 1, "content_type": 21, "object_id": "10", "object_repr": "Notice : Title :x-mas holidays -- Class: 1B -- Ruchi Kumari -- Class: 1B", "action_flag": 1, "change_message": "[{\"added\": {}}]"}}, {"model": "admin.logentry", "pk": 119, "fields": {"action_time": "2018-12-17T11:20:12.168Z", "user": 1, "content_type": 21, "object_id": "11", "object_repr": "Notice : Title :x-mas holidays -- Class: 2A -- Rishikesh Arolkar -- Class: 2A", "action_flag": 1, "change_message": "[{\"added\": {}}]"}}, {"model": "admin.logentry", "pk": 120, "fields": {"action_time": "2018-12-17T11:36:01.030Z", "user": 1, "content_type": 15, "object_id": "10", "object_repr": "Title :Playtime-funtime -- Class: 1B", "action_flag": 3, "change_message": ""}}, {"model": "admin.logentry", "pk": 121, "fields": {"action_time": "2018-12-17T11:38:23.730Z", "user": 1, "content_type": 19, "object_id": "10", "object_repr": "Student : Nitish Yadav -- Class: 1A Attendance : P", "action_flag": 3, "change_message": ""}}, {"model": "admin.logentry", "pk": 122, "fields": {"action_time": "2018-12-17T11:38:58.610Z", "user": 1, "content_type": 22, "object_id": "1", "object_repr": "Teacher : Ethan Alberto--Class: 2A Student : Ruchi Kumari -- Class: 1B", "action_flag": 3, "change_message": ""}}, {"model": "admin.logentry", "pk": 123, "fields": {"action_time": "2018-12-17T11:40:10.791Z", "user": 1, "content_type": 20, "object_id": "12", "object_repr": "Title :Playtime-funtime -- Class: 1B", "action_flag": 3, "change_message": ""}}, {"model": "admin.logentry", "pk": 124, "fields": {"action_time": "2018-12-17T11:40:17.347Z", "user": 1, "content_type": 20, "object_id": "1", "object_repr": "Title :Playtime-funtime -- Class: 1B", "action_flag": 3, "change_message": ""}}, {"model": "admin.logentry", "pk": 125, "fields": {"action_time": "2018-12-17T11:41:40.103Z", "user": 1, "content_type": 17, "object_id": "1", "object_repr": "Title :Playtime-funtime -- Class: 1B Nehal Bhandari--Class: 1A-Playtime", "action_flag": 3, "change_message": ""}}, {"model": "admin.logentry", "pk": 126, "fields": {"action_time": "2018-12-18T04:07:38.482Z", "user": 1, "content_type": 15, "object_id": "12", "object_repr": "Title :hello -- Class: 1B", "action_flag": 3, "change_message": ""}}, {"model": "admin.logentry", "pk": 127, "fields": {"action_time": "2018-12-18T04:07:38.625Z", "user": 1, "content_type": 15, "object_id": "11", "object_repr": "Title :hello -- Class: 1B", "action_flag": 3, "change_message": ""}}, {"model": "admin.logentry", "pk": 128, "fields": {"action_time": "2018-12-18T04:07:38.662Z", "user": 1, "content_type": 15, "object_id": "10", "object_repr": "Title :hello -- Class: 1B", "action_flag": 3, "change_message": ""}}, {"model": "admin.logentry", "pk": 129, "fields": {"action_time": "2018-12-18T04:08:08.424Z", "user": 1, "content_type": 15, "object_id": "14", "object_repr": "Title :hello -- Class: 1B", "action_flag": 3, "change_message": ""}}, {"model": "admin.logentry", "pk": 130, "fields": {"action_time": "2018-12-18T04:08:08.505Z", "user": 1, "content_type": 15, "object_id": "13", "object_repr": "Title :hello -- Class: 1B", "action_flag": 3, "change_message": ""}}, {"model": "admin.logentry", "pk": 131, "fields": {"action_time": "2018-12-18T04:08:39.037Z", "user": 1, "content_type": 15, "object_id": "15", "object_repr": "Title :hello -- Class: 1B", "action_flag": 3, "change_message": ""}}, {"model": "admin.logentry", "pk": 132, "fields": {"action_time": "2018-12-18T04:10:43.183Z", "user": 1, "content_type": 15, "object_id": "16", "object_repr": "Title :hello -- Class: 1B", "action_flag": 3, "change_message": ""}}, {"model": "admin.logentry", "pk": 133, "fields": {"action_time": "2018-12-18T04:14:13.838Z", "user": 1, "content_type": 15, "object_id": "18", "object_repr": "Title :hello -- Class: 1B", "action_flag": 3, "change_message": ""}}, {"model": "admin.logentry", "pk": 134, "fields": {"action_time": "2018-12-18T04:14:13.911Z", "user": 1, "content_type": 15, "object_id": "17", "object_repr": "Title :hello -- Class: 1B", "action_flag": 3, "change_message": ""}}, {"model": "admin.logentry", "pk": 135, "fields": {"action_time": "2018-12-18T04:42:52.432Z", "user": 1, "content_type": 15, "object_id": "24", "object_repr": "Title :hello -- Class: 1B", "action_flag": 3, "change_message": ""}}, {"model": "admin.logentry", "pk": 136, "fields": {"action_time": "2018-12-18T04:42:52.535Z", "user": 1, "content_type": 15, "object_id": "23", "object_repr": "Title :hello -- Class: 1B", "action_flag": 3, "change_message": ""}}, {"model": "admin.logentry", "pk": 137, "fields": {"action_time": "2018-12-18T04:42:52.567Z", "user": 1, "content_type": 15, "object_id": "22", "object_repr": "Title :hello -- Class: 1B", "action_flag": 3, "change_message": ""}}, {"model": "admin.logentry", "pk": 138, "fields": {"action_time": "2018-12-18T04:42:52.601Z", "user": 1, "content_type": 15, "object_id": "21", "object_repr": "Title :hello -- Class: 1B", "action_flag": 3, "change_message": ""}}, {"model": "admin.logentry", "pk": 139, "fields": {"action_time": "2018-12-18T04:42:52.634Z", "user": 1, "content_type": 15, "object_id": "20", "object_repr": "Title :hello -- Class: 1B", "action_flag": 3, "change_message": ""}}, {"model": "admin.logentry", "pk": 140, "fields": {"action_time": "2018-12-18T04:42:52.668Z", "user": 1, "content_type": 15, "object_id": "19", "object_repr": "Title :hello -- Class: 1B", "action_flag": 3, "change_message": ""}}, {"model": "admin.logentry", "pk": 141, "fields": {"action_time": "2018-12-18T04:43:18.776Z", "user": 1, "content_type": 16, "object_id": "11", "object_repr": "Activity : Title :hello -- Class: 1B Student :Rishikesh Arolkar -- Class: 2A", "action_flag": 3, "change_message": ""}}, {"model": "admin.logentry", "pk": 142, "fields": {"action_time": "2018-12-18T04:43:32.107Z", "user": 1, "content_type": 15, "object_id": "25", "object_repr": "Title :hello -- Class: 1B", "action_flag": 3, "change_message": ""}}, {"model": "admin.logentry", "pk": 143, "fields": {"action_time": "2018-12-18T04:53:42.976Z", "user": 1, "content_type": 17, "object_id": "7", "object_repr": "Title :Playtime-funtime -- Class: 1B Nehal Bhandari--Class: 1A-Playtime", "action_flag": 3, "change_message": ""}}, {"model": "admin.logentry", "pk": 144, "fields": {"action_time": "2018-12-18T04:53:54.076Z", "user": 1, "content_type": 17, "object_id": "8", "object_repr": "Title :Playtime-funtime -- Class: 1B Nehal Bhandari--Class: 1A-Playtime", "action_flag": 3, "change_message": ""}}, {"model": "admin.logentry", "pk": 145, "fields": {"action_time": "2018-12-18T04:55:50.649Z", "user": 1, "content_type": 21, "object_id": "13", "object_repr": "Notice : Title :hello -- Class: 1B -- Ruchi Kumari -- Class: 1B", "action_flag": 3, "change_message": ""}}, {"model": "admin.logentry", "pk": 146, "fields": {"action_time": "2018-12-18T04:55:58.672Z", "user": 1, "content_type": 20, "object_id": "13", "object_repr": "Title :hello -- Class: 1B", "action_flag": 3, "change_message": ""}}, {"model": "admin.logentry", "pk": 147, "fields": {"action_time": "2018-12-18T04:56:39.005Z", "user": 1, "content_type": 17, "object_id": "9", "object_repr": "Title :hello -- Class: 1B Nehal Bhandari--Class: 1A-Playtime", "action_flag": 3, "change_message": ""}}, {"model": "admin.logentry", "pk": 148, "fields": {"action_time": "2018-12-20T07:37:26.329Z", "user": 1, "content_type": 16, "object_id": "1", "object_repr": "Activity : Title :Gym -- None", "action_flag": 3, "change_message": ""}}, {"model": "admin.logentry", "pk": 149, "fields": {"action_time": "2018-12-20T07:37:26.449Z", "user": 1, "content_type": 16, "object_id": "10", "object_repr": "Activity : Title :hello -- Class: 1B Nehal Bhandari--Class: 1A-Playtime", "action_flag": 3, "change_message": ""}}, {"model": "admin.logentry", "pk": 150, "fields": {"action_time": "2018-12-20T07:37:26.493Z", "user": 1, "content_type": 16, "object_id": "3", "object_repr": "Activity : Title :Homework -- None", "action_flag": 3, "change_message": ""}}, {"model": "admin.logentry", "pk": 151, "fields": {"action_time": "2018-12-20T07:37:26.525Z", "user": 1, "content_type": 16, "object_id": "2", "object_repr": "Activity : Title :Homework -- None", "action_flag": 3, "change_message": ""}}, {"model": "admin.logentry", "pk": 152, "fields": {"action_time": "2018-12-20T07:37:26.569Z", "user": 1, "content_type": 16, "object_id": "6", "object_repr": "Activity : Title :Parent's Day -- None", "action_flag": 3, "change_message": ""}}, {"model": "admin.logentry", "pk": 153, "fields": {"action_time": "2018-12-20T07:37:26.605Z", "user": 1, "content_type": 16, "object_id": "5", "object_repr": "Activity : Title :Parent's Day -- None", "action_flag": 3, "change_message": ""}}, {"model": "admin.logentry", "pk": 154, "fields": {"action_time": "2018-12-20T07:37:26.645Z", "user": 1, "content_type": 16, "object_id": "4", "object_repr": "Activity : Title :Parent's Day -- None", "action_flag": 3, "change_message": ""}}, {"model": "admin.logentry", "pk": 155, "fields": {"action_time": "2018-12-20T07:37:26.681Z", "user": 1, "content_type": 16, "object_id": "7", "object_repr": "Activity : Title :Playtime-funtime -- None", "action_flag": 3, "change_message": ""}}, {"model": "admin.logentry", "pk": 156, "fields": {"action_time": "2018-12-20T07:37:26.721Z", "user": 1, "content_type": 16, "object_id": "9", "object_repr": "Activity : Title :Teachers Day -- None", "action_flag": 3, "change_message": ""}}, {"model": "admin.logentry", "pk": 157, "fields": {"action_time": "2018-12-20T07:37:26.853Z", "user": 1, "content_type": 16, "object_id": "8", "object_repr": "Activity : Title :Teachers Day -- None", "action_flag": 3, "change_message": ""}}, {"model": "admin.logentry", "pk": 158, "fields": {"action_time": "2018-12-20T07:40:03.404Z", "user": 1, "content_type": 15, "object_id": "2", "object_repr": "Title :Gym -- Class: 1A Siddharth Gawas--Class: 1B-GYM", "action_flag": 2, "change_message": "[{\"changed\": {\"fields\": [\"teacher_class\"]}}]"}}, {"model": "admin.logentry", "pk": 159, "fields": {"action_time": "2018-12-20T07:40:21.486Z", "user": 1, "content_type": 15, "object_id": "4", "object_repr": "Title :Homework -- Class: 1A Nehal Bhandari--Class: 1A-Konkani", "action_flag": 2, "change_message": "[{\"changed\": {\"fields\": [\"teacher_class\"]}}]"}}, {"model": "admin.logentry", "pk": 160, "fields": {"action_time": "2018-12-20T07:40:38.530Z", "user": 1, "content_type": 15, "object_id": "3", "object_repr": "Title :Homework -- Class: 1A Nehal Bhandari--Class: 1A-Konkani", "action_flag": 2, "change_message": "[{\"changed\": {\"fields\": [\"teacher_class\"]}}]"}}, {"model": "admin.logentry", "pk": 161, "fields": {"action_time": "2018-12-20T07:40:47.647Z", "user": 1, "content_type": 15, "object_id": "4", "object_repr": "Title :Homework -- Class: 1B Siddharth Gawas--Class: 1B-EVS", "action_flag": 2, "change_message": "[{\"changed\": {\"fields\": [\"teacher_class\"]}}]"}}, {"model": "admin.logentry", "pk": 162, "fields": {"action_time": "2018-12-20T07:41:23.814Z", "user": 1, "content_type": 15, "object_id": "7", "object_repr": "Title :Parent's Day -- Class: 1A Nehal Bhandari--Class: 1A-Konkani", "action_flag": 2, "change_message": "[{\"changed\": {\"fields\": [\"teacher_class\"]}}]"}}, {"model": "admin.logentry", "pk": 163, "fields": {"action_time": "2018-12-20T07:41:36.399Z", "user": 1, "content_type": 15, "object_id": "6", "object_repr": "Title :Parent's Day -- Class: 1B Siddharth Gawas--Class: 1B-EVS", "action_flag": 2, "change_message": "[{\"changed\": {\"fields\": [\"teacher_class\"]}}]"}}, {"model": "admin.logentry", "pk": 164, "fields": {"action_time": "2018-12-20T07:41:45.133Z", "user": 1, "content_type": 15, "object_id": "5", "object_repr": "Title :Parent's Day -- Class: 2A Ethan Alberto--Class: 2A-Playtime", "action_flag": 2, "change_message": "[{\"changed\": {\"fields\": [\"teacher_class\"]}}]"}}, {"model": "admin.logentry", "pk": 165, "fields": {"action_time": "2018-12-20T07:41:54.118Z", "user": 1, "content_type": 15, "object_id": "1", "object_repr": "Title :Playtime-funtime -- Class: 2A Ethan Alberto--Class: 2A-Playtime", "action_flag": 2, "change_message": "[{\"changed\": {\"fields\": [\"teacher_class\"]}}]"}}, {"model": "admin.logentry", "pk": 166, "fields": {"action_time": "2018-12-20T07:42:04.332Z", "user": 1, "content_type": 15, "object_id": "9", "object_repr": "Title :Teachers Day -- Class: 2A Ethan Alberto--Class: 2A-Playtime", "action_flag": 2, "change_message": "[{\"changed\": {\"fields\": [\"teacher_class\"]}}]"}}, {"model": "admin.logentry", "pk": 167, "fields": {"action_time": "2018-12-20T07:42:13.059Z", "user": 1, "content_type": 15, "object_id": "8", "object_repr": "Title :Teachers Day -- Class: 1A Nehal Bhandari--Class: 1A-Konkani", "action_flag": 2, "change_message": "[{\"changed\": {\"fields\": [\"teacher_class\"]}}]"}}, {"model": "admin.logentry", "pk": 168, "fields": {"action_time": "2018-12-20T07:42:55.115Z", "user": 1, "content_type": 16, "object_id": "11", "object_repr": "Activity : Title :Gym -- Class: 1A Siddharth Gawas--Class: 1B-GYM", "action_flag": 1, "change_message": "[{\"added\": {}}]"}}, {"model": "admin.logentry", "pk": 169, "fields": {"action_time": "2018-12-20T07:43:05.779Z", "user": 1, "content_type": 16, "object_id": "12", "object_repr": "Activity : Title :Homework -- Class: 1A Nehal Bhandari--Class: 1A-Konkani", "action_flag": 1, "change_message": "[{\"added\": {}}]"}}, {"model": "admin.logentry", "pk": 170, "fields": {"action_time": "2018-12-20T07:43:20.096Z", "user": 1, "content_type": 16, "object_id": "13", "object_repr": "Activity : Title :Homework -- Class: 1B Siddharth Gawas--Class: 1B-EVS", "action_flag": 1, "change_message": "[{\"added\": {}}]"}}, {"model": "admin.logentry", "pk": 171, "fields": {"action_time": "2018-12-20T07:43:27.319Z", "user": 1, "content_type": 16, "object_id": "14", "object_repr": "Activity : Title :Parent's Day -- Class: 1A Nehal Bhandari--Class: 1A-Konkani", "action_flag": 1, "change_message": "[{\"added\": {}}]"}}, {"model": "admin.logentry", "pk": 172, "fields": {"action_time": "2018-12-20T07:43:36.773Z", "user": 1, "content_type": 16, "object_id": "15", "object_repr": "Activity : Title :Parent's Day -- Class: 1B Siddharth Gawas--Class: 1B-EVS", "action_flag": 1, "change_message": "[{\"added\": {}}]"}}, {"model": "admin.logentry", "pk": 173, "fields": {"action_time": "2018-12-20T07:43:44.632Z", "user": 1, "content_type": 16, "object_id": "16", "object_repr": "Activity : Title :Parent's Day -- Class: 2A Ethan Alberto--Class: 2A-Playtime", "action_flag": 1, "change_message": "[{\"added\": {}}]"}}, {"model": "admin.logentry", "pk": 174, "fields": {"action_time": "2018-12-20T07:43:51.955Z", "user": 1, "content_type": 16, "object_id": "17", "object_repr": "Activity : Title :Playtime-funtime -- Class: 2A Ethan Alberto--Class: 2A-Playtime", "action_flag": 1, "change_message": "[{\"added\": {}}]"}}, {"model": "admin.logentry", "pk": 175, "fields": {"action_time": "2018-12-20T07:43:58.451Z", "user": 1, "content_type": 16, "object_id": "18", "object_repr": "Activity : Title :Teachers Day -- Class: 1A Nehal Bhandari--Class: 1A-Konkani", "action_flag": 1, "change_message": "[{\"added\": {}}]"}}, {"model": "admin.logentry", "pk": 176, "fields": {"action_time": "2018-12-20T07:44:09.821Z", "user": 1, "content_type": 16, "object_id": "19", "object_repr": "Activity : Title :Teachers Day -- Class: 2A Ethan Alberto--Class: 2A-Playtime", "action_flag": 1, "change_message": "[{\"added\": {}}]"}}, {"model": "admin.logentry", "pk": 177, "fields": {"action_time": "2018-12-20T08:55:44.347Z", "user": 1, "content_type": 20, "object_id": "5", "object_repr": "Title :Aadhar card -- Class: 1B Siddharth Gawas--Class: 1B-EVS", "action_flag": 2, "change_message": "[{\"changed\": {\"fields\": [\"teacher_class\"]}}]"}}, {"model": "admin.logentry", "pk": 178, "fields": {"action_time": "2018-12-20T08:55:54.419Z", "user": 1, "content_type": 20, "object_id": "4", "object_repr": "Title :Annual day -- Class: 1A Nehal Bhandari--Class: 1A-Konkani", "action_flag": 2, "change_message": "[{\"changed\": {\"fields\": [\"teacher_class\"]}}]"}}, {"model": "admin.logentry", "pk": 179, "fields": {"action_time": "2018-12-20T08:56:05.259Z", "user": 1, "content_type": 20, "object_id": "3", "object_repr": "Title :Annual day -- Class: 1B Siddharth Gawas--Class: 1B-EVS", "action_flag": 2, "change_message": "[{\"changed\": {\"fields\": [\"teacher_class\"]}}]"}}, {"model": "admin.logentry", "pk": 180, "fields": {"action_time": "2018-12-20T08:56:16.839Z", "user": 1, "content_type": 20, "object_id": "2", "object_repr": "Title :Annual day -- Class: 2A Ethan Alberto--Class: 2A-Playtime", "action_flag": 2, "change_message": "[{\"changed\": {\"fields\": [\"teacher_class\"]}}]"}}, {"model": "admin.logentry", "pk": 181, "fields": {"action_time": "2018-12-20T08:56:30.393Z", "user": 1, "content_type": 20, "object_id": "12", "object_repr": "Title :Playtime-funtime -- Class: 2A Ethan Alberto--Class: 2A-Playtime", "action_flag": 2, "change_message": "[{\"changed\": {\"fields\": [\"teacher_class\"]}}]"}}, {"model": "admin.logentry", "pk": 182, "fields": {"action_time": "2018-12-20T08:57:03.756Z", "user": 1, "content_type": 20, "object_id": "8", "object_repr": "Title :Teachers Day -- Class: 2A Ethan Alberto--Class: 2A-Playtime", "action_flag": 2, "change_message": "[{\"changed\": {\"fields\": [\"teacher_class\"]}}]"}}, {"model": "admin.logentry", "pk": 183, "fields": {"action_time": "2018-12-20T08:57:10.820Z", "user": 1, "content_type": 20, "object_id": "7", "object_repr": "Title :Teachers Day -- Class: 1A Nehal Bhandari--Class: 1A-Konkani", "action_flag": 2, "change_message": "[{\"changed\": {\"fields\": [\"teacher_class\"]}}]"}}, {"model": "admin.logentry", "pk": 184, "fields": {"action_time": "2018-12-20T08:57:17.739Z", "user": 1, "content_type": 20, "object_id": "6", "object_repr": "Title :Teachers Day -- Class: 1B Siddharth Gawas--Class: 1B-EVS", "action_flag": 2, "change_message": "[{\"changed\": {\"fields\": [\"teacher_class\"]}}]"}}, {"model": "admin.logentry", "pk": 185, "fields": {"action_time": "2018-12-20T08:57:28.934Z", "user": 1, "content_type": 20, "object_id": "11", "object_repr": "Title :x-mas holidays -- Class: 1A Nehal Bhandari--Class: 1A-Konkani", "action_flag": 2, "change_message": "[{\"changed\": {\"fields\": [\"teacher_class\"]}}]"}}, {"model": "admin.logentry", "pk": 186, "fields": {"action_time": "2018-12-20T08:57:37.043Z", "user": 1, "content_type": 20, "object_id": "10", "object_repr": "Title :x-mas holidays -- Class: 2A Ethan Alberto--Class: 2A-Playtime", "action_flag": 2, "change_message": "[{\"changed\": {\"fields\": [\"teacher_class\"]}}]"}}, {"model": "admin.logentry", "pk": 187, "fields": {"action_time": "2018-12-20T08:57:45.909Z", "user": 1, "content_type": 20, "object_id": "9", "object_repr": "Title :x-mas holidays -- Class: 1B Siddharth Gawas--Class: 1B-EVS", "action_flag": 2, "change_message": "[{\"changed\": {\"fields\": [\"teacher_class\"]}}]"}}, {"model": "admin.logentry", "pk": 188, "fields": {"action_time": "2018-12-20T09:45:35.335Z", "user": 1, "content_type": 15, "object_id": "10", "object_repr": "Title :hello -- Class: 1B Nehal Bhandari--Class: 1A-Playtime", "action_flag": 3, "change_message": ""}}, {"model": "admin.logentry", "pk": 189, "fields": {"action_time": "2018-12-20T09:46:25.842Z", "user": 1, "content_type": 15, "object_id": "12", "object_repr": "Title :Hello -- Class: 1B Nehal Bhandari--Class: 1A-Playtime", "action_flag": 2, "change_message": "[{\"changed\": {\"fields\": [\"title\"]}}]"}}, {"model": "admin.logentry", "pk": 190, "fields": {"action_time": "2018-12-20T09:46:53.019Z", "user": 1, "content_type": 15, "object_id": "11", "object_repr": "Title :hello -- Class: 1B Nehal Bhandari--Class: 1A-Playtime", "action_flag": 3, "change_message": ""}}, {"model": "admin.logentry", "pk": 191, "fields": {"action_time": "2018-12-20T09:47:33.939Z", "user": 1, "content_type": 15, "object_id": "13", "object_repr": "Title :hello -- Class: 1B Nehal Bhandari--Class: 1A-Playtime", "action_flag": 3, "change_message": ""}}, {"model": "admin.logentry", "pk": 192, "fields": {"action_time": "2018-12-20T09:58:25.193Z", "user": 1, "content_type": 17, "object_id": "7", "object_repr": "Title :hello -- Class: 1B Nehal Bhandari--Class: 1A-Playtime", "action_flag": 3, "change_message": ""}}, {"model": "admin.logentry", "pk": 193, "fields": {"action_time": "2018-12-20T09:58:34.510Z", "user": 1, "content_type": 17, "object_id": "8", "object_repr": "Title :Hello -- Class: 1B Nehal Bhandari--Class: 1A-Playtime", "action_flag": 2, "change_message": "[{\"changed\": {\"fields\": [\"title\"]}}]"}}, {"model": "admin.logentry", "pk": 194, "fields": {"action_time": "2018-12-20T10:00:56.666Z", "user": 1, "content_type": 19, "object_id": "4", "object_repr": "Student : Nitish Yadav -- Class: 1A Attendance : A", "action_flag": 3, "change_message": ""}}, {"model": "admin.logentry", "pk": 195, "fields": {"action_time": "2018-12-20T10:01:20.923Z", "user": 1, "content_type": 19, "object_id": "12", "object_repr": "Student : Nitish Yadav -- Class: 1A Attendance : P", "action_flag": 3, "change_message": ""}}, {"model": "admin.logentry", "pk": 196, "fields": {"action_time": "2018-12-20T10:02:20.239Z", "user": 1, "content_type": 19, "object_id": "13", "object_repr": "Student : Nitish Yadav -- Class: 1A Attendance : P", "action_flag": 3, "change_message": ""}}, {"model": "admin.logentry", "pk": 197, "fields": {"action_time": "2018-12-20T10:15:06.336Z", "user": 1, "content_type": 19, "object_id": "14", "object_repr": "Student : Nitish Yadav -- Class: 1A Attendance : P", "action_flag": 3, "change_message": ""}}, {"model": "admin.logentry", "pk": 198, "fields": {"action_time": "2018-12-20T10:18:55.717Z", "user": 1, "content_type": 19, "object_id": "16", "object_repr": "Student : Nitish Yadav -- Class: 1A Attendance : P", "action_flag": 3, "change_message": ""}}, {"model": "admin.logentry", "pk": 199, "fields": {"action_time": "2018-12-20T10:19:00.256Z", "user": 1, "content_type": 19, "object_id": "15", "object_repr": "Student : Nitish Yadav -- Class: 1A Attendance : P", "action_flag": 3, "change_message": ""}}, {"model": "admin.logentry", "pk": 200, "fields": {"action_time": "2018-12-20T10:35:16.168Z", "user": 1, "content_type": 17, "object_id": "10", "object_repr": "Title :hello -- None", "action_flag": 3, "change_message": ""}}, {"model": "admin.logentry", "pk": 201, "fields": {"action_time": "2018-12-20T10:52:59.630Z", "user": 1, "content_type": 20, "object_id": "13", "object_repr": "Title :hello -- Class: 1B Nehal Bhandari--Class: 1A-Playtime", "action_flag": 3, "change_message": ""}}, {"model": "admin.logentry", "pk": 202, "fields": {"action_time": "2018-12-20T10:53:10.438Z", "user": 1, "content_type": 20, "object_id": "14", "object_repr": "Title :Hello -- Class: 1B Nehal Bhandari--Class: 1A-Playtime", "action_flag": 2, "change_message": "[{\"changed\": {\"fields\": [\"title\"]}}]"}}, {"model": "admin.logentry", "pk": 203, "fields": {"action_time": "2018-12-20T10:58:13.764Z", "user": 1, "content_type": 22, "object_id": "8", "object_repr": "Teacher : Ethan Alberto--Class: 2A Student : Ruchi Kumari -- Class: 1B", "action_flag": 3, "change_message": ""}}, {"model": "admin.logentry", "pk": 204, "fields": {"action_time": "2018-12-20T11:00:35.014Z", "user": 1, "content_type": 19, "object_id": "18", "object_repr": "Student : Nitish Yadav -- Class: 1A Attendance : P", "action_flag": 3, "change_message": ""}}, {"model": "admin.logentry", "pk": 205, "fields": {"action_time": "2018-12-20T11:06:22.557Z", "user": 1, "content_type": 19, "object_id": "19", "object_repr": "Student : Nitish Yadav -- Class: 1A Attendance : P", "action_flag": 3, "change_message": ""}}, {"model": "admin.logentry", "pk": 206, "fields": {"action_time": "2018-12-21T10:35:55.216Z", "user": 1, "content_type": 7, "object_id": "1", "object_repr": "Ruchi Kumari -- Class: 1B", "action_flag": 2, "change_message": "[{\"changed\": {\"fields\": [\"image\"]}}]"}}, {"model": "admin.logentry", "pk": 207, "fields": {"action_time": "2018-12-21T10:36:13.337Z", "user": 1, "content_type": 7, "object_id": "1", "object_repr": "Ruchi Kumari -- Class: 1B", "action_flag": 2, "change_message": "[{\"changed\": {\"fields\": [\"image\"]}}]"}}, {"model": "admin.logentry", "pk": 208, "fields": {"action_time": "2018-12-21T10:36:33.377Z", "user": 1, "content_type": 7, "object_id": "1", "object_repr": "Ruchi Kumari -- Class: 1B", "action_flag": 2, "change_message": "[{\"changed\": {\"fields\": [\"image\"]}}]"}}, {"model": "admin.logentry", "pk": 209, "fields": {"action_time": "2018-12-21T10:36:54.812Z", "user": 1, "content_type": 7, "object_id": "1", "object_repr": "Ruchi Kumari -- Class: 1B", "action_flag": 2, "change_message": "[{\"changed\": {\"fields\": [\"image\"]}}]"}}, {"model": "admin.logentry", "pk": 210, "fields": {"action_time": "2018-12-24T04:06:30.470Z", "user": 1, "content_type": 14, "object_id": "16", "object_repr": "Title :hello again -- Class: 1B Nehal Bhandari--Class: 1A-Playtime", "action_flag": 3, "change_message": ""}}, {"model": "admin.logentry", "pk": 211, "fields": {"action_time": "2018-12-24T04:07:57.298Z", "user": 1, "content_type": 9, "object_id": "12", "object_repr": "Title :hello hello -- Class: 1B Nehal Bhandari--Class: 1A-Playtime", "action_flag": 3, "change_message": ""}}, {"model": "admin.logentry", "pk": 212, "fields": {"action_time": "2018-12-24T04:10:09.323Z", "user": 1, "content_type": 7, "object_id": "13", "object_repr": "Title :hello hello -- Class: 1B Nehal Bhandari--Class: 1A-Playtime", "action_flag": 3, "change_message": ""}}, {"model": "admin.logentry", "pk": 213, "fields": {"action_time": "2018-12-24T04:10:54.036Z", "user": 1, "content_type": 7, "object_id": "14", "object_repr": "Title :hello hello -- Class: 1B Nehal Bhandari--Class: 1A-Playtime", "action_flag": 3, "change_message": ""}}, {"model": "admin.logentry", "pk": 214, "fields": {"action_time": "2018-12-24T06:24:40.113Z", "user": 1, "content_type": 10, "object_id": "10", "object_repr": "Title :hello hello -- Class: 1B Nehal Bhandari--Class: 1A-Playtime -- Nitish Yadav -- Class: 1A", "action_flag": 3, "change_message": ""}}, {"model": "admin.logentry", "pk": 215, "fields": {"action_time": "2018-12-24T06:24:52.933Z", "user": 1, "content_type": 9, "object_id": "13", "object_repr": "Title :hello hello -- Class: 1B Nehal Bhandari--Class: 1A-Playtime", "action_flag": 3, "change_message": ""}}, {"model": "admin.logentry", "pk": 216, "fields": {"action_time": "2018-12-24T07:24:37.223Z", "user": 1, "content_type": 9, "object_id": "16", "object_repr": "Title :hello hello -- Class: 1B Nehal Bhandari--Class: 1A-Playtime", "action_flag": 3, "change_message": ""}}, {"model": "admin.logentry", "pk": 217, "fields": {"action_time": "2018-12-24T07:24:41.445Z", "user": 1, "content_type": 9, "object_id": "15", "object_repr": "Title :hello hello -- Class: 1B Nehal Bhandari--Class: 1A-Playtime", "action_flag": 3, "change_message": ""}}, {"model": "admin.logentry", "pk": 218, "fields": {"action_time": "2018-12-24T07:24:46.214Z", "user": 1, "content_type": 9, "object_id": "14", "object_repr": "Title :hello hello -- Class: 1B Nehal Bhandari--Class: 1A-Playtime", "action_flag": 3, "change_message": ""}}, {"model": "admin.logentry", "pk": 219, "fields": {"action_time": "2018-12-24T07:27:27.312Z", "user": 1, "content_type": 14, "object_id": "19", "object_repr": "Title :aaaaaaa -- Class: 1B Nehal Bhandari--Class: 1A-Playtime", "action_flag": 3, "change_message": ""}}, {"model": "admin.logentry", "pk": 220, "fields": {"action_time": "2018-12-24T07:27:27.432Z", "user": 1, "content_type": 14, "object_id": "18", "object_repr": "Title :aaaaaaa -- Class: 1B Nehal Bhandari--Class: 1A-Playtime", "action_flag": 3, "change_message": ""}}, {"model": "admin.logentry", "pk": 221, "fields": {"action_time": "2018-12-24T07:27:27.616Z", "user": 1, "content_type": 14, "object_id": "17", "object_repr": "Title :aaaaaaa -- Class: 1B Nehal Bhandari--Class: 1A-Playtime", "action_flag": 3, "change_message": ""}}, {"model": "admin.logentry", "pk": 222, "fields": {"action_time": "2018-12-24T07:28:50.038Z", "user": 1, "content_type": 14, "object_id": "15", "object_repr": "Title :hello -- Class: 1B Nehal Bhandari--Class: 1A-Playtime", "action_flag": 3, "change_message": ""}}, {"model": "admin.logentry", "pk": 223, "fields": {"action_time": "2018-12-24T07:28:50.126Z", "user": 1, "content_type": 14, "object_id": "11", "object_repr": "Title :x-mas holidays -- Class: 1A Nehal Bhandari--Class: 1A-Konkani", "action_flag": 3, "change_message": ""}}, {"model": "admin.logentry", "pk": 224, "fields": {"action_time": "2018-12-24T07:28:50.222Z", "user": 1, "content_type": 14, "object_id": "9", "object_repr": "Title :x-mas holidays -- Class: 1B Siddharth Gawas--Class: 1B-EVS", "action_flag": 3, "change_message": ""}}, {"model": "admin.logentry", "pk": 225, "fields": {"action_time": "2018-12-24T07:29:45.673Z", "user": 1, "content_type": 9, "object_id": "19", "object_repr": "Title :zzz -- Class: 1B Nehal Bhandari--Class: 1A-Playtime", "action_flag": 3, "change_message": ""}}, {"model": "admin.logentry", "pk": 226, "fields": {"action_time": "2018-12-24T07:29:51.160Z", "user": 1, "content_type": 9, "object_id": "18", "object_repr": "Title :aaaaaaa -- Class: 1B Nehal Bhandari--Class: 1A-Playtime", "action_flag": 3, "change_message": ""}}, {"model": "admin.logentry", "pk": 227, "fields": {"action_time": "2018-12-24T07:37:23.868Z", "user": 1, "content_type": 9, "object_id": "24", "object_repr": "Title :zzz -- Class: 1B Nehal Bhandari--Class: 1A-Playtime", "action_flag": 3, "change_message": ""}}, {"model": "admin.logentry", "pk": 228, "fields": {"action_time": "2018-12-24T07:37:42.123Z", "user": 1, "content_type": 9, "object_id": "23", "object_repr": "Title :zzz -- Class: 1B Nehal Bhandari--Class: 1A-Playtime", "action_flag": 3, "change_message": ""}}, {"model": "admin.logentry", "pk": 229, "fields": {"action_time": "2018-12-24T07:37:42.235Z", "user": 1, "content_type": 9, "object_id": "22", "object_repr": "Title :zzz -- Class: 1B Nehal Bhandari--Class: 1A-Playtime", "action_flag": 3, "change_message": ""}}, {"model": "admin.logentry", "pk": 230, "fields": {"action_time": "2018-12-24T07:37:42.319Z", "user": 1, "content_type": 9, "object_id": "21", "object_repr": "Title :zzz -- Class: 1B Nehal Bhandari--Class: 1A-Playtime", "action_flag": 3, "change_message": ""}}, {"model": "admin.logentry", "pk": 231, "fields": {"action_time": "2018-12-24T07:37:42.419Z", "user": 1, "content_type": 9, "object_id": "20", "object_repr": "Title :zzz -- Class: 1B Nehal Bhandari--Class: 1A-Playtime", "action_flag": 3, "change_message": ""}}, {"model": "admin.logentry", "pk": 232, "fields": {"action_time": "2018-12-24T07:39:19.203Z", "user": 1, "content_type": 13, "object_id": "8", "object_repr": "Teacher : Ethan Alberto--Class: 2A Student : Ruchi Kumari -- Class: 1B", "action_flag": 3, "change_message": ""}}, {"model": "admin.logentry", "pk": 233, "fields": {"action_time": "2018-12-24T07:39:44.573Z", "user": 1, "content_type": 13, "object_id": "9", "object_repr": "Teacher : Ethan Alberto--Class: 2A Student : Ruchi Kumari -- Class: 1B", "action_flag": 3, "change_message": ""}}, {"model": "admin.logentry", "pk": 234, "fields": {"action_time": "2018-12-24T07:47:09.311Z", "user": 1, "content_type": 9, "object_id": "27", "object_repr": "Title :zzz -- Class: 1B Nehal Bhandari--Class: 1A-Playtime", "action_flag": 3, "change_message": ""}}, {"model": "admin.logentry", "pk": 235, "fields": {"action_time": "2018-12-24T07:47:13.575Z", "user": 1, "content_type": 9, "object_id": "25", "object_repr": "Title :zzz -- Class: 1B Nehal Bhandari--Class: 1A-Playtime", "action_flag": 3, "change_message": ""}}, {"model": "admin.logentry", "pk": 236, "fields": {"action_time": "2018-12-24T07:47:17.924Z", "user": 1, "content_type": 9, "object_id": "26", "object_repr": "Title :zzz -- Class: 1B Nehal Bhandari--Class: 1A-Playtime", "action_flag": 3, "change_message": ""}}, {"model": "admin.logentry", "pk": 237, "fields": {"action_time": "2018-12-24T07:48:35.977Z", "user": 1, "content_type": 10, "object_id": "11", "object_repr": "Title :zzz -- Class: 1B Nehal Bhandari--Class: 1A-Playtime -- Nitish Yadav -- Class: 1A", "action_flag": 1, "change_message": "[{\"added\": {}}]"}}, {"model": "admin.logentry", "pk": 238, "fields": {"action_time": "2018-12-24T07:48:40.743Z", "user": 1, "content_type": 10, "object_id": "11", "object_repr": "Title :zzz -- Class: 1B Nehal Bhandari--Class: 1A-Playtime -- Nitish Yadav -- Class: 1A", "action_flag": 3, "change_message": ""}}, {"model": "admin.logentry", "pk": 239, "fields": {"action_time": "2018-12-24T07:50:49.689Z", "user": 1, "content_type": 9, "object_id": "29", "object_repr": "Title :zzz -- Class: 1B Nehal Bhandari--Class: 1A-Playtime", "action_flag": 3, "change_message": ""}}, {"model": "admin.logentry", "pk": 240, "fields": {"action_time": "2018-12-24T07:50:55.068Z", "user": 1, "content_type": 9, "object_id": "28", "object_repr": "Title :zzz -- Class: 1B Nehal Bhandari--Class: 1A-Playtime", "action_flag": 3, "change_message": ""}}, {"model": "admin.logentry", "pk": 241, "fields": {"action_time": "2018-12-24T09:21:45.906Z", "user": 1, "content_type": 9, "object_id": "30", "object_repr": "Title :zzz -- Class: 1B Nehal Bhandari--Class: 1A-Playtime", "action_flag": 3, "change_message": ""}}, {"model": "admin.logentry", "pk": 242, "fields": {"action_time": "2018-12-24T09:22:10.703Z", "user": 1, "content_type": 14, "object_id": "21", "object_repr": "Title :aaaaaaa -- Class: 1B Nehal Bhandari--Class: 1A-Playtime", "action_flag": 3, "change_message": ""}}, {"model": "admin.logentry", "pk": 243, "fields": {"action_time": "2018-12-24T09:22:10.859Z", "user": 1, "content_type": 14, "object_id": "20", "object_repr": "Title :aaaaaaa -- Class: 1B Nehal Bhandari--Class: 1A-Playtime", "action_flag": 3, "change_message": ""}}, {"model": "admin.logentry", "pk": 244, "fields": {"action_time": "2018-12-24T09:22:29.450Z", "user": 1, "content_type": 7, "object_id": "17", "object_repr": "Title :aalalalala -- Class: 1B Nehal Bhandari--Class: 1A-Playtime", "action_flag": 3, "change_message": ""}}, {"model": "admin.logentry", "pk": 245, "fields": {"action_time": "2018-12-24T09:27:54.570Z", "user": 1, "content_type": 14, "object_id": "24", "object_repr": "Title :zaza -- Class: 1B Nehal Bhandari--Class: 1A-Playtime", "action_flag": 3, "change_message": ""}}, {"model": "admin.logentry", "pk": 246, "fields": {"action_time": "2018-12-24T09:27:54.736Z", "user": 1, "content_type": 14, "object_id": "23", "object_repr": "Title :yyy -- Class: 1B Nehal Bhandari--Class: 1A-Playtime", "action_flag": 3, "change_message": ""}}, {"model": "admin.logentry", "pk": 247, "fields": {"action_time": "2018-12-24T09:27:54.856Z", "user": 1, "content_type": 14, "object_id": "22", "object_repr": "Title :zzzz -- Class: 1B Nehal Bhandari--Class: 1A-Playtime", "action_flag": 3, "change_message": ""}}, {"model": "admin.logentry", "pk": 248, "fields": {"action_time": "2018-12-24T09:28:17.142Z", "user": 1, "content_type": 7, "object_id": "20", "object_repr": "Title :zazaza -- Class: 1B Nehal Bhandari--Class: 1A-Playtime", "action_flag": 3, "change_message": ""}}, {"model": "admin.logentry", "pk": 249, "fields": {"action_time": "2018-12-24T09:28:17.282Z", "user": 1, "content_type": 7, "object_id": "19", "object_repr": "Title :yyyyy -- Class: 1B Nehal Bhandari--Class: 1A-Playtime", "action_flag": 3, "change_message": ""}}, {"model": "admin.logentry", "pk": 250, "fields": {"action_time": "2018-12-24T09:28:17.398Z", "user": 1, "content_type": 7, "object_id": "18", "object_repr": "Title :zzzzz -- Class: 1B Nehal Bhandari--Class: 1A-Playtime", "action_flag": 3, "change_message": ""}}, {"model": "admin.logentry", "pk": 251, "fields": {"action_time": "2018-12-24T09:28:30.752Z", "user": 1, "content_type": 7, "object_id": "16", "object_repr": "Title :hello hello -- Class: 1B Nehal Bhandari--Class: 1A-Playtime", "action_flag": 3, "change_message": ""}}, {"model": "admin.logentry", "pk": 252, "fields": {"action_time": "2018-12-24T09:28:30.892Z", "user": 1, "content_type": 7, "object_id": "15", "object_repr": "Title :hello hello -- Class: 1B Nehal Bhandari--Class: 1A-Playtime", "action_flag": 3, "change_message": ""}}, {"model": "admin.logentry", "pk": 253, "fields": {"action_time": "2018-12-24T09:28:58.125Z", "user": 1, "content_type": 9, "object_id": "32", "object_repr": "Title :yyyy -- Class: 1B Nehal Bhandari--Class: 1A-Playtime", "action_flag": 3, "change_message": ""}}, {"model": "admin.logentry", "pk": 254, "fields": {"action_time": "2018-12-24T09:28:58.259Z", "user": 1, "content_type": 9, "object_id": "31", "object_repr": "Title :zzz -- Class: 1B Nehal Bhandari--Class: 1A-Playtime", "action_flag": 3, "change_message": ""}}, {"model": "admin.logentry", "pk": 255, "fields": {"action_time": "2018-12-24T09:28:58.363Z", "user": 1, "content_type": 9, "object_id": "17", "object_repr": "Title :hello hello -- Class: 1B Nehal Bhandari--Class: 1A-Playtime", "action_flag": 3, "change_message": ""}}, {"model": "admin.logentry", "pk": 256, "fields": {"action_time": "2018-12-24T09:28:58.455Z", "user": 1, "content_type": 9, "object_id": "11", "object_repr": "Title :hello -- Class: 1B Nehal Bhandari--Class: 1A-Playtime", "action_flag": 3, "change_message": ""}}, {"model": "admin.logentry", "pk": 257, "fields": {"action_time": "2018-12-24T09:28:58.567Z", "user": 1, "content_type": 9, "object_id": "9", "object_repr": "Title :hello -- Class: 1B Nehal Bhandari--Class: 1A-Playtime", "action_flag": 3, "change_message": ""}}, {"model": "admin.logentry", "pk": 258, "fields": {"action_time": "2018-12-24T09:30:06.450Z", "user": 1, "content_type": 14, "object_id": "25", "object_repr": "Title :zaza -- Class: 1B Nehal Bhandari--Class: 1A-Playtime", "action_flag": 3, "change_message": ""}}, {"model": "admin.logentry", "pk": 259, "fields": {"action_time": "2018-12-24T09:50:16.561Z", "user": 1, "content_type": 9, "object_id": "33", "object_repr": "Title :yyyy -- Class: 1B Nehal Bhandari--Class: 1A-Playtime", "action_flag": 3, "change_message": ""}}, {"model": "admin.logentry", "pk": 260, "fields": {"action_time": "2018-12-26T09:17:01.838Z", "user": 1, "content_type": 19, "object_id": "4", "object_repr": "nm m -- Class: 1A", "action_flag": 1, "change_message": "[{\"added\": {}}]"}}, {"model": "admin.logentry", "pk": 261, "fields": {"action_time": "2018-12-26T09:17:15.108Z", "user": 1, "content_type": 19, "object_id": "4", "object_repr": "nm m -- Class: 1A", "action_flag": 3, "change_message": ""}}]